source,target
0,0
1,0
0,1
1,1
0,2
1,2
0,3
1,3
0,4
1,4
0,5
1,5
0,6
1,6
0,7
1,7
0,8
1,8
0,9
1,9
0,10
1,10
0,11
1,11
0,12
1,12
0,13
1,13
0,14
1,14
2,15
2,16
2,17
2,18
2,19
2,20
2,21
2,22
2,23
2,24
2,25
2,26
2,27
2,28
2,29
2,30
2,31
2,12
2,13
2,14
3,32
4,32
5,32
6,32
7,32
8,32
3,33
4,33
5,33
6,33
7,33
8,33
3,34
4,34
5,34
6,34
7,34
8,34
3,35
4,35
5,35
6,35
7,35
8,35
9,36
10,36
11,36
12,36
9,37
10,37
11,37
12,37
9,38
10,38
11,38
12,38
9,39
10,39
11,39
12,39
9,40
10,40
11,40
12,40
9,41
10,41
11,41
12,41
9,42
10,42
11,42
12,42
9,43
10,43
11,43
12,43
9,44
10,44
11,44
12,44
9,45
10,45
11,45
12,45
9,46
10,46
11,46
12,46
9,47
10,47
11,47
12,47
9,48
10,48
11,48
12,48
9,32
10,32
11,32
12,32
9,31
10,31
11,31
12,31
9,12
10,12
11,12
12,12
9,13
10,13
11,13
12,13
9,14
10,14
11,14
12,14
13,49
13,50
13,51
13,52
13,53
13,54
13,55
13,56
13,57
13,58
13,59
13,60
13,32
13,31
13,33
13,34
13,14
14,61
15,61
16,61
14,62
15,62
16,62
14,63
15,63
16,63
14,64
15,64
16,64
14,65
15,65
16,65
14,66
15,66
16,66
14,67
15,67
16,67
14,68
15,68
16,68
14,69
15,69
16,69
14,70
15,70
16,70
14,71
15,71
16,71
14,72
15,72
16,72
14,32
15,32
16,32
14,12
15,12
16,12
14,34
15,34
16,34
14,14
15,14
16,14
17,73
18,73
19,73
17,74
18,74
19,74
17,75
18,75
19,75
17,76
18,76
19,76
17,77
18,77
19,77
17,76
18,76
19,76
17,78
18,78
19,78
17,79
18,79
19,79
17,80
18,80
19,80
17,81
18,81
19,81
17,32
18,32
19,32
17,31
18,31
19,31
17,12
18,12
19,12
17,13
18,13
19,13
17,14
18,14
19,14
20,82
21,82
20,83
21,83
20,84
21,84
20,85
21,85
20,86
21,86
20,31
21,31
20,12
21,12
20,13
21,13
20,14
21,14
22,87
22,88
22,89
22,90
22,91
22,92
22,93
22,94
22,95
22,96
22,97
22,98
22,87
22,90
22,88
22,32
22,31
22,12
22,13
22,14
23,99
24,99
25,99
23,100
24,100
25,100
23,101
24,101
25,101
23,102
24,102
25,102
23,103
24,103
25,103
23,104
24,104
25,104
23,105
24,105
25,105
23,106
24,106
25,106
23,107
24,107
25,107
23,108
24,108
25,108
23,109
24,109
25,109
23,110
24,110
25,110
23,32
24,32
25,32
23,12
24,12
25,12
23,13
24,13
25,13
23,14
24,14
25,14
26,111
27,111
28,111
26,112
27,112
28,112
26,113
27,113
28,113
26,114
27,114
28,114
26,115
27,115
28,115
26,116
27,116
28,116
26,117
27,117
28,117
26,118
27,118
28,118
26,31
27,31
28,31
26,12
27,12
28,12
26,13
27,13
28,13
26,14
27,14
28,14
29,119
29,120
29,121
29,122
29,123
29,124
29,125
29,122
29,126
29,127
29,32
29,12
29,13
29,14
30,128
31,128
32,128
33,128
34,128
30,129
31,129
32,129
33,129
34,129
30,130
31,130
32,130
33,130
34,130
30,131
31,131
32,131
33,131
34,131
30,132
31,132
32,132
33,132
34,132
30,133
31,133
32,133
33,133
34,133
30,134
31,134
32,134
33,134
34,134
30,135
31,135
32,135
33,135
34,135
30,136
31,136
32,136
33,136
34,136
30,137
31,137
32,137
33,137
34,137
30,31
31,31
32,31
33,31
34,31
30,138
31,138
32,138
33,138
34,138
30,139
31,139
32,139
33,139
34,139
30,140
31,140
32,140
33,140
34,140
30,12
31,12
32,12
33,12
34,12
30,13
31,13
32,13
33,13
34,13
30,14
31,14
32,14
33,14
34,14
35,141
36,141
37,141
35,142
36,142
37,142
35,143
36,143
37,143
35,144
36,144
37,144
35,145
36,145
37,145
35,146
36,146
37,146
35,147
36,147
37,147
35,148
36,148
37,148
35,149
36,149
37,149
35,150
36,150
37,150
35,32
36,32
37,32
35,33
36,33
37,33
35,34
36,34
37,34
35,14
36,14
37,14
38,121
38,151
38,152
38,153
38,154
38,56
38,126
38,155
38,156
38,157
38,32
38,12
38,13
38,14
39,158
40,158
6,158
39,159
40,159
6,159
39,160
40,160
6,160
39,161
40,161
6,161
39,162
40,162
6,162
39,163
40,163
6,163
39,164
40,164
6,164
39,165
40,165
6,165
39,166
40,166
6,166
39,167
40,167
6,167
39,32
40,32
6,32
39,31
40,31
6,31
39,12
40,12
6,12
39,13
40,13
6,13
39,14
40,14
6,14
41,168
42,168
43,168
41,169
42,169
43,169
41,170
42,170
43,170
41,171
42,171
43,171
41,172
42,172
43,172
41,65
42,65
43,65
41,173
42,173
43,173
41,174
42,174
43,174
41,175
42,175
43,175
41,176
42,176
43,176
41,177
42,177
43,177
41,169
42,169
43,169
41,178
42,178
43,178
41,66
42,66
43,66
41,179
42,179
43,179
41,180
42,180
43,180
41,181
42,181
43,181
41,182
42,182
43,182
41,32
42,32
43,32
41,12
42,12
43,12
41,13
42,13
43,13
41,14
42,14
43,14
44,183
44,184
44,185
44,186
44,187
44,188
44,189
44,190
44,191
44,192
44,193
44,194
44,195
44,196
44,32
44,12
44,34
44,14
45,197
46,197
45,198
46,198
45,199
46,199
45,200
46,200
45,201
46,201
45,202
46,202
45,203
46,203
45,204
46,204
45,205
46,205
45,206
46,206
45,207
46,207
45,208
46,208
45,200
46,200
45,209
46,209
45,210
46,210
45,198
46,198
45,211
46,211
45,150
46,150
45,206
46,206
45,212
46,212
45,213
46,213
45,214
46,214
45,32
46,32
45,12
46,12
45,34
46,34
45,14
46,14
47,215
47,216
47,217
47,218
47,219
47,220
47,221
47,222
47,223
47,224
47,225
47,226
47,32
47,12
47,13
47,14
48,227
48,228
48,229
48,230
48,31
48,12
48,13
48,14
49,231
50,231
51,231
49,232
50,232
51,232
49,233
50,233
51,233
49,234
50,234
51,234
49,235
50,235
51,235
49,236
50,236
51,236
49,231
50,231
51,231
49,237
50,237
51,237
49,238
50,238
51,238
49,239
50,239
51,239
49,32
50,32
51,32
49,12
50,12
51,12
49,13
50,13
51,13
49,14
50,14
51,14
52,240
53,240
52,241
53,241
52,242
53,242
52,243
53,243
52,244
53,244
52,245
53,245
52,246
53,246
52,247
53,247
52,248
53,248
52,249
53,249
52,250
53,250
52,251
53,251
52,32
53,32
52,33
53,33
52,13
53,13
52,14
53,14
54,252
55,252
56,252
54,253
55,253
56,253
54,254
55,254
56,254
54,255
55,255
56,255
54,256
55,256
56,256
54,257
55,257
56,257
54,32
55,32
56,32
54,12
55,12
56,12
54,13
55,13
56,13
54,14
55,14
56,14
57,258
57,259
57,260
57,261
57,262
57,263
57,264
57,265
57,266
57,259
57,32
57,12
57,13
57,14
58,267
58,268
58,269
58,270
58,271
58,272
58,268
58,273
58,274
58,271
58,31
58,275
58,276
58,12
58,13
58,14
59,277
60,277
59,278
60,278
59,279
60,279
59,280
60,280
59,281
60,281
59,282
60,282
59,283
60,283
59,284
60,284
59,269
60,269
59,285
60,285
59,279
60,279
59,280
60,280
59,286
60,286
59,282
60,282
59,283
60,283
59,167
60,167
59,278
60,278
59,277
60,277
59,287
60,287
59,288
60,288
59,32
60,32
59,12
60,12
59,34
60,34
59,14
60,14
61,289
61,290
61,291
61,292
61,293
61,294
61,295
61,296
61,297
61,298
61,299
61,300
61,301
61,32
61,12
61,13
61,14
47,302
47,216
47,303
47,25
47,304
47,305
47,306
47,307
47,225
47,32
47,31
47,12
47,13
47,14
62,308
62,309
62,310
62,311
62,312
62,313
62,314
62,315
62,316
62,317
62,318
62,319
62,320
62,321
62,32
62,31
62,12
62,34
62,14
63,322
63,323
63,324
63,325
63,326
63,327
63,32
63,12
63,13
63,14
64,328
64,329
64,330
64,331
64,332
64,219
64,333
64,334
64,335
64,336
64,337
64,338
64,142
64,339
64,340
64,341
64,342
64,32
64,31
64,12
64,13
64,14
65,343
66,343
67,343
65,344
66,344
67,344
65,345
66,345
67,345
65,346
66,346
67,346
65,347
66,347
67,347
65,348
66,348
67,348
65,349
66,349
67,349
65,349
66,349
67,349
65,343
66,343
67,343
65,348
66,348
67,348
65,347
66,347
67,347
65,346
66,346
67,346
65,345
66,345
67,345
65,344
66,344
67,344
65,32
66,32
67,32
65,12
66,12
67,12
65,13
66,13
67,13
65,14
66,14
67,14
68,350
69,350
70,350
71,350
68,351
69,351
70,351
71,351
68,352
69,352
70,352
71,352
68,353
69,353
70,353
71,353
68,354
69,354
70,354
71,354
68,351
69,351
70,351
71,351
68,355
69,355
70,355
71,355
68,356
69,356
70,356
71,356
68,32
69,32
70,32
71,32
68,12
69,12
70,12
71,12
68,13
69,13
70,13
71,13
68,14
69,14
70,14
71,14
3,31
4,31
5,31
6,31
7,31
8,31
37,31
72,31
3,12
4,12
5,12
6,12
7,12
8,12
37,12
72,12
3,34
4,34
5,34
6,34
7,34
8,34
37,34
72,34
3,35
4,35
5,35
6,35
7,35
8,35
37,35
72,35
73,357
73,358
73,359
73,360
73,361
73,362
73,363
73,364
73,365
73,366
73,367
73,368
73,369
73,31
73,12
73,13
73,14
74,370
75,370
74,371
75,371
74,372
75,372
74,373
75,373
74,374
75,374
74,375
75,375
74,376
75,376
74,377
75,377
74,372
75,372
74,378
75,378
74,32
75,32
74,12
75,12
74,13
75,13
74,14
75,14
76,379
76,380
76,381
76,382
76,383
76,159
76,384
76,385
76,386
76,387
76,388
76,389
76,275
76,32
76,12
76,13
76,14
77,390
77,391
77,392
77,393
77,394
77,395
77,396
77,397
77,398
77,399
77,12
77,13
77,14
78,400
79,400
78,401
79,401
78,402
79,402
78,403
79,403
78,404
79,404
78,32
79,32
78,33
79,33
78,13
79,13
78,14
79,14
80,405
80,406
80,407
80,408
80,409
80,410
80,411
80,412
80,413
80,226
80,32
80,12
80,13
80,14
81,414
81,415
81,416
81,417
81,418
81,31
81,12
81,13
81,14
48,31
82,31
83,31
84,31
48,12
82,12
83,12
84,12
48,13
82,13
83,13
84,13
48,14
82,14
83,14
84,14
85,419
86,419
87,419
85,420
86,420
87,420
85,421
86,421
87,421
85,422
86,422
87,422
85,423
86,423
87,423
85,424
86,424
87,424
85,425
86,425
87,425
85,426
86,426
87,426
85,226
86,226
87,226
85,32
86,32
87,32
85,12
86,12
87,12
85,13
86,13
87,13
85,14
86,14
87,14
88,427
88,428
88,429
88,430
88,431
88,432
88,433
88,434
88,435
88,436
88,437
88,45
88,438
88,439
88,440
88,432
88,32
88,31
88,12
88,13
88,14
89,441
90,441
89,442
90,442
89,443
90,443
89,444
90,444
89,290
90,290
89,445
90,445
89,441
90,441
89,445
90,445
89,290
90,290
89,446
90,446
89,447
90,447
89,448
90,448
89,32
90,32
89,12
90,12
89,13
90,13
89,14
90,14
91,449
91,450
91,451
91,452
91,453
91,454
91,455
91,452
91,456
91,449
91,32
91,31
91,12
91,13
91,14
92,457
92,458
92,459
92,390
92,460
92,461
92,457
92,458
92,459
92,390
92,460
92,461
92,32
92,33
92,13
92,14
93,462
93,463
93,464
93,465
93,216
93,466
93,467
93,468
93,469
93,464
93,470
93,221
93,471
93,467
93,472
93,473
93,463
93,474
93,32
93,12
93,13
93,14
94,475
94,476
94,477
94,478
94,479
94,480
94,481
94,482
94,483
94,32
94,33
94,13
94,14
95,289
95,484
95,485
95,486
95,487
95,488
95,489
95,490
95,161
95,491
95,492
95,493
95,494
95,486
95,495
95,496
95,497
95,165
95,490
95,498
95,32
95,275
95,499
95,31
95,500
95,276
95,501
95,502
95,140
95,12
95,13
95,14
96,503
97,503
98,503
96,504
97,504
98,504
96,505
97,505
98,505
96,178
97,178
98,178
96,506
97,506
98,506
96,507
97,507
98,507
96,508
97,508
98,508
96,32
97,32
98,32
96,12
97,12
98,12
96,34
97,34
98,34
96,14
97,14
98,14
99,509
100,509
16,509
15,509
99,510
100,510
16,510
15,510
99,511
100,511
16,511
15,511
99,512
100,512
16,512
15,512
99,25
100,25
16,25
15,25
99,228
100,228
16,228
15,228
99,513
100,513
16,513
15,513
99,514
100,514
16,514
15,514
99,515
100,515
16,515
15,515
99,516
100,516
16,516
15,516
99,25
100,25
16,25
15,25
99,517
100,517
16,517
15,517
99,71
100,71
16,71
15,71
99,72
100,72
16,72
15,72
99,32
100,32
16,32
15,32
99,12
100,12
16,12
15,12
99,34
100,34
16,34
15,34
99,14
100,14
16,14
15,14
101,518
102,518
101,519
102,519
101,520
102,520
101,521
102,521
101,521
102,521
101,522
102,522
101,523
102,523
101,524
102,524
101,71
102,71
101,10
102,10
101,32
102,32
101,12
102,12
101,13
102,13
101,14
102,14
103,525
104,525
103,526
104,526
103,525
104,525
103,122
104,122
103,527
104,527
103,332
104,332
103,345
104,345
103,31
104,31
103,139
104,139
103,12
104,12
103,13
104,13
103,14
104,14
105,528
105,529
105,530
105,31
105,12
105,13
105,14
106,253
106,531
106,532
106,533
106,534
106,535
106,536
106,537
106,538
106,539
106,31
106,12
106,13
106,14
107,540
108,540
5,540
107,541
108,541
5,541
107,542
108,542
5,542
107,543
108,543
5,543
107,544
108,544
5,544
107,545
108,545
5,545
107,546
108,546
5,546
107,547
108,547
5,547
107,548
108,548
5,548
107,549
108,549
5,549
107,31
108,31
5,31
107,12
108,12
5,12
107,13
108,13
5,13
107,14
108,14
5,14
109,490
110,490
109,550
110,550
109,551
110,551
109,552
110,552
109,142
110,142
109,553
110,553
109,31
110,31
109,12
110,12
109,13
110,13
109,14
110,14
111,509
112,509
111,554
112,554
111,555
112,555
111,556
112,556
111,557
112,557
111,558
112,558
111,559
112,559
111,560
112,560
111,509
112,509
111,561
112,561
111,562
112,562
111,514
112,514
111,563
112,563
111,564
112,564
111,349
112,349
111,565
112,565
111,566
112,566
111,561
112,561
111,32
112,32
111,31
112,31
111,12
112,12
111,13
112,13
111,14
112,14
113,42
114,42
113,567
114,567
113,467
114,467
113,568
114,568
113,467
114,467
113,42
114,42
113,568
114,568
113,569
114,569
113,570
114,570
113,32
114,32
113,12
114,12
113,13
114,13
113,14
114,14
115,571
116,571
115,572
116,572
115,573
116,573
115,574
116,574
115,575
116,575
115,573
116,573
115,32
116,32
115,12
116,12
115,13
116,13
115,14
116,14
117,576
117,577
117,485
117,578
117,579
117,580
117,581
117,582
117,583
117,579
117,584
117,495
117,585
117,586
117,587
117,582
117,588
117,589
117,32
117,31
117,33
117,13
117,14
118,590
118,591
118,592
118,593
118,594
118,595
118,596
118,597
118,577
118,598
118,599
118,290
118,460
118,460
118,290
118,600
118,601
118,584
118,602
118,603
118,604
118,595
118,605
118,606
118,592
118,591
118,32
118,12
118,34
118,14
119,607
119,172
119,608
119,609
119,610
119,598
119,611
119,612
119,613
119,614
119,147
119,178
119,32
119,12
119,13
119,14
120,615
120,616
120,617
120,618
120,619
120,620
120,621
120,622
120,623
120,624
120,625
120,626
120,627
120,628
120,31
120,629
120,12
120,13
120,14
121,630
121,631
121,632
121,633
121,634
121,635
121,636
121,637
121,264
121,638
121,639
121,640
121,31
121,12
121,13
121,14
103,641
23,641
122,641
123,641
103,642
23,642
122,642
123,642
103,643
23,643
122,643
123,643
103,644
23,644
122,644
123,644
103,147
23,147
122,147
123,147
103,645
23,645
122,645
123,645
103,646
23,646
122,646
123,646
103,506
23,506
122,506
123,506
103,149
23,149
122,149
123,149
103,647
23,647
122,647
123,647
103,600
23,600
122,600
123,600
103,648
23,648
122,648
123,648
103,649
23,649
122,649
123,649
103,225
23,225
122,225
123,225
103,31
23,31
122,31
123,31
103,12
23,12
122,12
123,12
103,13
23,13
122,13
123,13
103,14
23,14
122,14
123,14
7,650
124,650
125,650
126,650
127,650
128,650
85,650
129,650
130,650
7,651
124,651
125,651
126,651
127,651
128,651
85,651
129,651
130,651
7,652
124,652
125,652
126,652
127,652
128,652
85,652
129,652
130,652
7,653
124,653
125,653
126,653
127,653
128,653
85,653
129,653
130,653
7,654
124,654
125,654
126,654
127,654
128,654
85,654
129,654
130,654
7,655
124,655
125,655
126,655
127,655
128,655
85,655
129,655
130,655
7,656
124,656
125,656
126,656
127,656
128,656
85,656
129,656
130,656
7,657
124,657
125,657
126,657
127,657
128,657
85,657
129,657
130,657
7,658
124,658
125,658
126,658
127,658
128,658
85,658
129,658
130,658
7,659
124,659
125,659
126,659
127,659
128,659
85,659
129,659
130,659
7,31
124,31
125,31
126,31
127,31
128,31
85,31
129,31
130,31
7,629
124,629
125,629
126,629
127,629
128,629
85,629
129,629
130,629
7,12
124,12
125,12
126,12
127,12
128,12
85,12
129,12
130,12
7,13
124,13
125,13
126,13
127,13
128,13
85,13
129,13
130,13
7,14
124,14
125,14
126,14
127,14
128,14
85,14
129,14
130,14
113,32
131,32
113,31
131,31
113,12
131,12
113,13
131,13
113,14
131,14
132,466
50,466
53,466
51,466
132,660
50,660
53,660
51,660
132,661
50,661
53,661
51,661
132,662
50,662
53,662
51,662
132,663
50,663
53,663
51,663
132,664
50,664
53,664
51,664
132,471
50,471
53,471
51,471
132,665
50,665
53,665
51,665
132,666
50,666
53,666
51,666
132,667
50,667
53,667
51,667
132,668
50,668
53,668
51,668
132,669
50,669
53,669
51,669
132,32
50,32
53,32
51,32
132,12
50,12
53,12
51,12
132,13
50,13
53,13
51,13
132,14
50,14
53,14
51,14
133,670
133,671
133,672
133,673
133,674
133,675
133,676
133,677
133,678
133,44
133,679
133,675
133,32
133,31
133,12
133,13
133,14
134,351
134,443
134,680
134,681
134,682
134,683
134,684
134,684
134,351
134,683
134,682
134,685
134,686
134,447
134,32
134,12
134,13
134,14
135,687
135,688
135,689
135,690
135,691
135,692
135,693
135,694
135,695
135,696
135,32
135,31
135,12
135,13
135,14
136,697
136,197
136,490
136,698
136,699
136,700
136,701
136,702
136,703
136,704
136,490
136,705
136,32
136,12
136,13
136,14
137,706
138,706
137,170
138,170
137,707
138,707
137,708
138,708
137,709
138,709
137,710
138,710
137,711
138,711
137,177
138,177
137,32
138,32
137,31
138,31
137,12
138,12
137,13
138,13
137,14
138,14
139,712
85,712
129,712
139,713
85,713
129,713
139,714
85,714
129,714
139,715
85,715
129,715
139,524
85,524
129,524
139,716
85,716
129,716
139,717
85,717
129,717
139,32
85,32
129,32
139,12
85,12
129,12
139,13
85,13
129,13
139,14
85,14
129,14
140,718
140,719
140,720
140,721
140,722
140,723
140,724
140,725
140,718
140,722
140,32
140,12
140,34
140,14
7,726
141,726
7,727
141,727
7,728
141,728
7,729
141,729
7,683
141,683
7,683
141,683
7,730
141,730
7,731
141,731
7,732
141,732
7,733
141,733
7,32
141,32
7,12
141,12
7,34
141,34
7,14
141,14
142,734
143,734
142,735
143,735
142,736
143,736
142,737
143,737
142,738
143,738
142,739
143,739
142,632
143,632
142,740
143,740
142,741
143,741
142,449
143,449
142,742
143,742
142,739
143,739
142,743
143,743
142,637
143,637
142,744
143,744
142,745
143,745
142,32
143,32
142,12
143,12
142,13
143,13
142,14
143,14
144,746
145,746
144,747
145,747
144,748
145,748
144,749
145,749
144,750
145,750
144,751
145,751
144,752
145,752
144,753
145,753
144,32
145,32
144,31
145,31
144,12
145,12
144,34
145,34
144,14
145,14
146,754
129,754
147,754
146,755
129,755
147,755
146,485
129,485
147,485
146,756
129,756
147,756
146,121
129,121
147,121
146,142
129,142
147,142
146,757
129,757
147,757
146,758
129,758
147,758
146,759
129,759
147,759
146,760
129,760
147,760
146,761
129,761
147,761
146,762
129,762
147,762
146,150
129,150
147,150
146,126
129,126
147,126
146,763
129,763
147,763
146,764
129,764
147,764
146,226
129,226
147,226
146,32
129,32
147,32
146,31
129,31
147,31
146,139
129,139
147,139
146,12
129,12
147,12
146,13
129,13
147,13
146,14
129,14
147,14
148,765
149,765
150,765
151,765
148,510
149,510
150,510
151,510
148,766
149,766
150,766
151,766
148,767
149,767
150,767
151,767
148,768
149,768
150,768
151,768
148,768
149,768
150,768
151,768
148,767
149,767
150,767
151,767
148,769
149,769
150,769
151,769
148,770
149,770
150,770
151,770
148,771
149,771
150,771
151,771
148,629
149,629
150,629
151,629
148,32
149,32
150,32
151,32
148,12
149,12
150,12
151,12
148,13
149,13
150,13
151,13
148,14
149,14
150,14
151,14
152,772
153,772
152,773
153,773
152,774
153,774
152,775
153,775
152,776
153,776
152,777
153,777
152,641
153,641
152,641
153,641
152,778
153,778
152,779
153,779
152,780
153,780
152,781
153,781
152,782
153,782
152,773
153,773
152,32
153,32
152,12
153,12
152,13
153,13
152,14
153,14
6,31
3,31
4,31
5,31
154,31
7,31
8,31
6,12
3,12
4,12
5,12
154,12
7,12
8,12
6,34
3,34
4,34
5,34
154,34
7,34
8,34
6,35
3,35
4,35
5,35
154,35
7,35
8,35
155,783
156,783
157,783
158,783
155,784
156,784
157,784
158,784
155,785
156,785
157,785
158,785
155,786
156,786
157,786
158,786
155,787
156,787
157,787
158,787
155,788
156,788
157,788
158,788
155,789
156,789
157,789
158,789
155,56
156,56
157,56
158,56
155,32
156,32
157,32
158,32
155,12
156,12
157,12
158,12
155,13
156,13
157,13
158,13
155,14
156,14
157,14
158,14
159,790
160,790
161,790
162,790
159,791
160,791
161,791
162,791
159,792
160,792
161,792
162,792
159,793
160,793
161,793
162,793
159,791
160,791
161,791
162,791
159,794
160,794
161,794
162,794
159,32
160,32
161,32
162,32
159,12
160,12
161,12
162,12
159,13
160,13
161,13
162,13
159,14
160,14
161,14
162,14
163,786
92,786
163,795
92,795
163,796
92,796
163,460
92,460
163,56
92,56
163,797
92,797
163,798
92,798
163,460
92,460
163,32
92,32
163,33
92,33
163,13
92,13
163,14
92,14
164,799
165,799
164,640
165,640
164,800
165,800
164,801
165,801
164,228
165,228
164,802
165,802
164,803
165,803
164,804
165,804
164,805
165,805
164,806
165,806
164,228
165,228
164,807
165,807
164,808
165,808
164,640
165,640
164,32
165,32
164,12
165,12
164,34
165,34
164,14
165,14
166,809
166,810
166,811
166,388
166,812
166,813
166,814
166,815
166,816
166,817
166,818
166,819
166,388
166,820
166,821
166,344
166,822
166,823
166,824
166,32
166,12
166,13
166,14
167,825
168,825
167,826
168,826
167,827
168,827
167,466
168,466
167,828
168,828
167,829
168,829
167,830
168,830
167,831
168,831
167,828
168,828
167,471
168,471
167,832
168,832
167,833
168,833
167,32
168,32
167,12
168,12
167,13
168,13
167,14
168,14
78,834
169,834
170,834
101,834
102,834
171,834
172,834
173,834
78,835
169,835
170,835
101,835
102,835
171,835
172,835
173,835
78,490
169,490
170,490
101,490
102,490
171,490
172,490
173,490
78,70
169,70
170,70
101,70
102,70
171,70
172,70
173,70
78,836
169,836
170,836
101,836
102,836
171,836
172,836
173,836
78,32
169,32
170,32
101,32
102,32
171,32
172,32
173,32
78,12
169,12
170,12
101,12
102,12
171,12
172,12
173,12
78,34
169,34
170,34
101,34
102,34
171,34
172,34
173,34
78,14
169,14
170,14
101,14
102,14
171,14
172,14
173,14
174,837
37,837
174,838
37,838
174,839
37,839
174,526
37,526
174,121
37,121
174,840
37,840
174,841
37,841
174,842
37,842
174,527
37,527
174,126
37,126
174,840
37,840
174,843
37,843
174,844
37,844
174,32
37,32
174,12
37,12
174,13
37,13
174,14
37,14
9,845
175,845
176,845
9,846
175,846
176,846
9,847
175,847
176,847
9,452
175,452
176,452
9,848
175,848
176,848
9,849
175,849
176,849
9,850
175,850
176,850
9,851
175,851
176,851
9,852
175,852
176,852
9,452
175,452
176,452
9,853
175,853
176,853
9,854
175,854
176,854
9,32
175,32
176,32
9,12
175,12
176,12
9,13
175,13
176,13
9,14
175,14
176,14
177,855
178,855
179,855
177,856
178,856
179,856
177,495
178,495
179,495
177,147
178,147
179,147
177,32
178,32
179,32
177,33
178,33
179,33
177,13
178,13
179,13
177,14
178,14
179,14
180,857
143,857
180,858
143,858
180,859
143,859
180,860
143,860
180,861
143,861
180,862
143,862
180,863
143,863
180,864
143,864
180,865
143,865
180,866
143,866
180,867
143,867
180,868
143,868
180,869
143,869
180,870
143,870
180,871
143,871
180,872
143,872
180,873
143,873
180,874
143,874
180,213
143,213
180,875
143,875
180,32
143,32
180,31
143,31
180,12
143,12
180,13
143,13
180,14
143,14
181,876
39,876
181,877
39,877
181,846
39,846
181,878
39,878
181,879
39,879
181,880
39,880
181,881
39,881
181,882
39,882
181,883
39,883
181,854
39,854
181,626
39,626
181,884
39,884
181,885
39,885
181,886
39,886
181,32
39,32
181,31
39,31
181,12
39,12
181,13
39,13
181,14
39,14
182,887
183,887
182,888
183,888
182,542
183,542
182,889
183,889
182,890
183,890
182,891
183,891
182,549
183,549
182,892
183,892
182,890
183,890
182,893
183,893
182,894
183,894
182,888
183,888
182,32
183,32
182,31
183,31
182,12
183,12
182,13
183,13
182,14
183,14
184,32
184,12
184,13
184,14
137,369
185,369
137,895
185,895
137,896
185,896
137,897
185,897
137,898
185,898
137,899
185,899
137,32
185,32
137,31
185,31
137,12
185,12
137,13
185,13
137,14
185,14
186,900
186,901
186,902
186,903
186,904
186,905
186,906
186,907
186,150
186,327
186,471
186,908
186,32
186,12
186,13
186,14
187,909
187,910
187,911
187,912
187,913
187,914
187,915
187,916
187,31
187,225
187,12
187,13
187,14
188,32
188,12
188,34
188,14
189,917
190,917
189,918
190,918
189,919
190,919
189,917
190,917
189,920
190,920
189,921
190,921
189,32
190,32
189,33
190,33
189,34
190,34
189,14
190,14
191,922
113,922
191,923
113,923
191,924
113,924
191,925
113,925
191,926
113,926
191,912
113,912
191,927
113,927
191,928
113,928
191,923
113,923
191,929
113,929
191,925
113,925
191,31
113,31
191,12
113,12
191,13
113,13
191,14
113,14
42,65
41,65
43,65
42,718
41,718
43,718
42,170
41,170
43,170
42,169
41,169
43,169
42,172
41,172
43,172
42,930
41,930
43,930
42,178
41,178
43,178
42,66
41,66
43,66
42,931
41,931
43,931
42,169
41,169
43,169
42,177
41,177
43,177
42,718
41,718
43,718
42,32
41,32
43,32
42,12
41,12
43,12
42,13
41,13
43,13
42,14
41,14
43,14
192,932
192,933
192,934
192,228
192,935
192,936
192,937
192,517
192,32
192,31
192,276
192,12
192,13
192,14
155,938
193,938
155,939
193,939
155,940
193,940
155,941
193,941
155,942
193,942
155,943
193,943
155,944
193,944
155,945
193,945
155,46
193,46
155,946
193,946
155,947
193,947
155,32
193,32
155,31
193,31
155,12
193,12
155,13
193,13
155,14
193,14
142,948
194,948
195,948
142,121
194,121
195,121
142,641
194,641
195,641
142,740
194,740
195,740
142,949
194,949
195,949
142,950
194,950
195,950
142,951
194,951
195,951
142,413
194,413
195,413
142,126
194,126
195,126
142,744
194,744
195,744
142,949
194,949
195,949
142,147
194,147
195,147
142,952
194,952
195,952
142,345
194,345
195,345
142,953
194,953
195,953
142,641
194,641
195,641
142,32
194,32
195,32
142,12
194,12
195,12
142,13
194,13
195,13
142,14
194,14
195,14
196,926
118,926
196,954
118,954
196,955
118,955
196,460
118,460
196,955
118,955
196,956
118,956
196,490
118,490
196,957
118,957
196,927
118,927
196,460
118,460
196,275
118,275
196,32
118,32
196,12
118,12
196,13
118,13
196,14
118,14
3,385
197,385
5,385
8,385
6,385
198,385
199,385
200,385
4,385
3,32
197,32
5,32
8,32
6,32
198,32
199,32
200,32
4,32
3,12
197,12
5,12
8,12
6,12
198,12
199,12
200,12
4,12
3,34
197,34
5,34
8,34
6,34
198,34
199,34
200,34
4,34
3,35
197,35
5,35
8,35
6,35
198,35
199,35
200,35
4,35
41,958
43,958
201,958
41,718
43,718
201,718
41,959
43,959
201,959
41,960
43,960
201,960
41,142
43,142
201,142
41,961
43,961
201,961
41,169
43,169
201,169
41,962
43,962
201,962
41,963
43,963
201,963
41,964
43,964
201,964
41,965
43,965
201,965
41,471
43,471
201,471
41,170
43,170
201,170
41,172
43,172
201,172
41,169
43,169
201,169
41,962
43,962
201,962
41,963
43,963
201,963
41,177
43,177
201,177
41,964
43,964
201,964
41,965
43,965
201,965
41,471
43,471
201,471
41,178
43,178
201,178
41,744
43,744
201,744
41,958
43,958
201,958
41,142
43,142
201,142
41,960
43,960
201,960
41,966
43,966
201,966
41,718
43,718
201,718
41,32
43,32
201,32
41,12
43,12
201,12
41,13
43,13
201,13
41,14
43,14
201,14
202,170
203,170
202,967
203,967
202,968
203,968
202,969
203,969
202,970
203,970
202,971
203,971
202,972
203,972
202,973
203,973
202,974
203,974
202,32
203,32
202,12
203,12
202,13
203,13
202,14
203,14
204,975
204,976
204,977
204,978
204,979
204,979
204,980
204,981
204,982
204,983
204,32
204,12
204,34
204,14
205,984
206,984
207,984
208,984
209,984
210,984
205,985
206,985
207,985
208,985
209,985
210,985
205,986
206,986
207,986
208,986
209,986
210,986
205,987
206,987
207,987
208,987
209,987
210,987
205,988
206,988
207,988
208,988
209,988
210,988
205,989
206,989
207,989
208,989
209,989
210,989
205,404
206,404
207,404
208,404
209,404
210,404
205,32
206,32
207,32
208,32
209,32
210,32
205,12
206,12
207,12
208,12
209,12
210,12
205,13
206,13
207,13
208,13
209,13
210,13
205,14
206,14
207,14
208,14
209,14
210,14
211,32
211,12
211,34
211,14
212,990
212,991
212,992
212,993
212,994
212,995
212,992
212,996
212,997
212,998
212,71
212,999
212,9
212,1000
212,32
212,31
212,12
212,13
212,14
129,1001
129,1002
129,1003
129,1004
129,1005
129,1006
129,1007
129,1008
129,10
129,404
129,1009
129,71
129,1010
129,9
129,12
129,13
129,14
104,1011
213,1011
103,1011
104,608
213,608
103,608
104,1012
213,1012
103,1012
104,413
213,413
103,413
104,1011
213,1011
103,1011
104,147
213,147
103,147
104,1013
213,1013
103,1013
104,1014
213,1014
103,1014
104,345
213,345
103,345
104,31
213,31
103,31
104,12
213,12
103,12
104,13
213,13
103,13
104,14
213,14
103,14
214,1015
215,1015
214,1016
215,1016
214,1017
215,1017
214,330
215,330
214,1018
215,1018
214,1019
215,1019
214,1020
215,1020
214,856
215,856
214,147
215,147
214,1021
215,1021
214,1022
215,1022
214,31
215,31
214,12
215,12
214,13
215,13
214,14
215,14
216,576
217,576
218,576
219,576
220,576
221,576
216,1023
217,1023
218,1023
219,1023
220,1023
221,1023
216,510
217,510
218,510
219,510
220,510
221,510
216,1024
217,1024
218,1024
219,1024
220,1024
221,1024
216,1025
217,1025
218,1025
219,1025
220,1025
221,1025
216,1026
217,1026
218,1026
219,1026
220,1026
221,1026
216,586
217,586
218,586
219,586
220,586
221,586
216,1027
217,1027
218,1027
219,1027
220,1027
221,1027
216,1028
217,1028
218,1028
219,1028
220,1028
221,1028
216,510
217,510
218,510
219,510
220,510
221,510
216,1029
217,1029
218,1029
219,1029
220,1029
221,1029
216,1025
217,1025
218,1025
219,1025
220,1025
221,1025
216,1030
217,1030
218,1030
219,1030
220,1030
221,1030
216,72
217,72
218,72
219,72
220,72
221,72
216,32
217,32
218,32
219,32
220,32
221,32
216,12
217,12
218,12
219,12
220,12
221,12
216,34
217,34
218,34
219,34
220,34
221,34
216,14
217,14
218,14
219,14
220,14
221,14
187,142
187,1031
187,1032
187,1033
187,1034
187,31
187,225
187,12
187,13
187,14
222,463
223,463
224,463
222,1035
223,1035
224,1035
222,1036
223,1036
224,1036
222,1037
223,1037
224,1037
222,774
223,774
224,774
222,608
223,608
224,608
222,147
223,147
224,147
222,463
223,463
224,463
222,782
223,782
224,782
222,1038
223,1038
224,1038
222,1039
223,1039
224,1039
222,1040
223,1040
224,1040
222,32
223,32
224,32
222,12
223,12
224,12
222,34
223,34
224,34
222,14
223,14
224,14
225,1041
226,1041
227,1041
225,1042
226,1042
227,1042
225,1043
226,1043
227,1043
225,1044
226,1044
227,1044
225,466
226,466
227,466
225,1045
226,1045
227,1045
225,1046
226,1046
227,1046
225,1047
226,1047
227,1047
225,466
226,466
227,466
225,1048
226,1048
227,1048
225,1049
226,1049
227,1049
225,1050
226,1050
227,1050
225,32
226,32
227,32
225,12
226,12
227,12
225,34
226,34
227,34
225,14
226,14
227,14
48,1051
84,1051
83,1051
82,1051
48,1052
84,1052
83,1052
82,1052
48,1053
84,1053
83,1053
82,1053
48,1054
84,1054
83,1054
82,1054
48,1055
84,1055
83,1055
82,1055
48,1056
84,1056
83,1056
82,1056
48,1057
84,1057
83,1057
82,1057
48,1058
84,1058
83,1058
82,1058
48,1059
84,1059
83,1059
82,1059
48,1060
84,1060
83,1060
82,1060
48,31
84,31
83,31
82,31
48,12
84,12
83,12
82,12
48,13
84,13
83,13
82,13
48,14
84,14
83,14
82,14
228,1061
229,1061
230,1061
231,1061
232,1061
233,1061
228,1062
229,1062
230,1062
231,1062
232,1062
233,1062
228,1063
229,1063
230,1063
231,1063
232,1063
233,1063
228,1064
229,1064
230,1064
231,1064
232,1064
233,1064
228,1065
229,1065
230,1065
231,1065
232,1065
233,1065
228,1065
229,1065
230,1065
231,1065
232,1065
233,1065
228,1066
229,1066
230,1066
231,1066
232,1066
233,1066
228,1067
229,1067
230,1067
231,1067
232,1067
233,1067
228,1068
229,1068
230,1068
231,1068
232,1068
233,1068
228,1064
229,1064
230,1064
231,1064
232,1064
233,1064
228,32
229,32
230,32
231,32
232,32
233,32
228,12
229,12
230,12
231,12
232,12
233,12
228,13
229,13
230,13
231,13
232,13
233,13
228,14
229,14
230,14
231,14
232,14
233,14
234,1069
235,1069
234,443
235,443
234,1070
235,1070
234,197
235,197
234,1071
235,1071
234,1072
235,1072
234,1073
235,1073
234,1074
235,1074
234,1075
235,1075
234,1076
235,1076
234,428
235,428
234,1077
235,1077
234,1078
235,1078
234,1079
235,1079
234,1080
235,1080
234,1081
235,1081
234,1082
235,1082
234,211
235,211
234,1083
235,1083
234,447
235,447
234,45
235,45
234,32
235,32
234,31
235,31
234,12
235,12
234,13
235,13
234,14
235,14
236,1084
236,1085
236,1086
236,1087
236,1088
236,1089
236,1090
236,1091
236,1085
236,1087
236,1088
236,1089
236,1090
236,1091
236,1084
236,1086
236,32
236,12
236,34
236,14
237,1092
40,1092
6,1092
237,1093
40,1093
6,1093
237,1094
40,1094
6,1094
237,1095
40,1095
6,1095
237,1096
40,1096
6,1096
237,584
40,584
6,584
237,1056
40,1056
6,1056
237,1097
40,1097
6,1097
237,48
40,48
6,48
237,1098
40,1098
6,1098
237,32
40,32
6,32
237,12
40,12
6,12
237,13
40,13
6,13
237,14
40,14
6,14
62,1099
62,1100
62,1101
62,1102
62,1103
62,1104
62,319
62,1105
62,1106
62,1107
62,1099
62,1108
62,32
62,31
62,12
62,13
62,14
50,1109
51,1109
50,661
51,661
50,1110
51,1110
50,1111
51,1111
50,1112
51,1112
50,1113
51,1113
50,1114
51,1114
50,1111
51,1111
50,1115
51,1115
50,668
51,668
50,32
51,32
50,12
51,12
50,13
51,13
50,14
51,14
238,161
239,161
238,1116
239,1116
238,1117
239,1117
238,1118
239,1118
238,1119
239,1119
238,1120
239,1120
238,1121
239,1121
238,349
239,349
238,1122
239,1122
238,1123
239,1123
238,1124
239,1124
238,1117
239,1117
238,1125
239,1125
238,1126
239,1126
238,32
239,32
238,12
239,12
238,13
239,13
238,14
239,14
9,1127
175,1127
9,1128
175,1128
9,1129
175,1129
9,1130
175,1130
9,1131
175,1131
9,413
175,413
9,42
175,42
9,1132
175,1132
9,1133
175,1133
9,37
175,37
9,1134
175,1134
9,42
175,42
9,1132
175,1132
9,1135
175,1135
9,1136
175,1136
9,1137
175,1137
9,32
175,32
9,12
175,12
9,13
175,13
9,14
175,14
240,1138
240,1139
240,1140
240,1141
240,1142
240,1138
240,1143
240,1144
240,1141
240,1145
240,32
240,12
240,13
240,14
241,1146
242,1146
241,1147
242,1147
241,1148
242,1148
241,1149
242,1149
241,1150
242,1150
241,1151
242,1151
241,1152
242,1152
241,1153
242,1153
241,1154
242,1154
241,110
242,110
241,1155
242,1155
241,32
242,32
241,31
242,31
241,12
242,12
241,13
242,13
241,14
242,14
3,32
243,32
3,12
243,12
3,34
243,34
3,1156
243,1156
5,31
154,31
3,31
4,31
5,12
154,12
3,12
4,12
5,34
154,34
3,34
4,34
5,35
154,35
3,35
4,35
244,774
41,774
244,169
41,169
244,471
41,471
244,965
41,965
244,1157
41,1157
244,926
41,926
244,1158
41,1158
244,1159
41,1159
244,782
41,782
244,927
41,927
244,1160
41,1160
244,965
41,965
244,471
41,471
244,169
41,169
244,32
41,32
244,12
41,12
244,13
41,13
244,14
41,14
245,1161
246,1161
245,542
246,542
245,1162
246,1162
245,161
246,161
245,556
246,556
245,1163
246,1163
245,1164
246,1164
245,549
246,549
245,1165
246,1165
245,1166
246,1166
245,1167
246,1167
245,1164
246,1164
245,1168
246,1168
245,32
246,32
245,31
246,31
245,12
246,12
245,13
246,13
245,14
246,14
247,813
247,1169
247,99
247,485
247,344
247,1170
247,105
247,495
247,32
247,31
247,12
247,13
247,14
248,1171
248,1172
248,1173
248,1174
248,1175
248,1176
248,1177
248,586
248,1178
248,1179
248,1180
248,1181
248,1182
248,1183
248,1184
248,1185
248,586
248,1186
248,1179
248,1187
248,1188
248,1189
248,1190
248,1191
248,789
248,1192
248,32
248,12
248,34
248,14
156,1193
156,1194
156,786
156,1195
156,1196
156,1197
156,1198
156,1199
156,1200
156,1201
156,56
156,1202
156,32
156,12
156,13
156,14
111,170
112,170
111,1203
112,1203
111,61
112,61
111,610
112,610
111,1204
112,1204
111,1205
112,1205
111,1206
112,1206
111,228
112,228
111,70
112,70
111,1207
112,1207
111,1204
112,1204
111,1208
112,1208
111,1209
112,1209
111,517
112,517
111,177
112,177
111,1210
112,1210
111,32
112,32
111,31
112,31
111,12
112,12
111,13
112,13
111,14
112,14
249,1211
249,1212
249,1213
249,1214
249,1215
249,1216
249,1217
249,576
249,517
249,1218
249,1219
249,1216
249,1220
249,586
249,1221
249,1222
249,32
249,12
249,13
249,14
250,1223
250,1224
250,334
250,1225
250,1213
250,1226
250,1227
250,1228
250,1229
250,1230
250,1231
250,1232
250,32
250,31
250,12
250,13
250,14
251,1233
251,1234
251,42
251,1235
251,1236
251,1237
251,1238
251,1239
251,32
251,31
251,12
251,13
251,14
252,1240
252,1241
252,1242
252,1243
252,1244
252,1245
252,1246
252,1247
252,1248
252,1106
252,1249
252,31
252,10
252,12
252,13
252,14
253,1250
254,1250
255,1250
154,1250
253,1244
254,1244
255,1244
154,1244
253,1251
254,1251
255,1251
154,1251
253,1252
254,1252
255,1252
154,1252
253,121
254,121
255,121
154,121
253,1120
254,1120
255,1120
154,1120
253,1253
254,1253
255,1253
154,1253
253,839
254,839
255,839
154,839
253,1254
254,1254
255,1254
154,1254
253,1255
254,1255
255,1255
154,1255
253,1256
254,1256
255,1256
154,1256
253,1257
254,1257
255,1257
154,1257
253,1258
254,1258
255,1258
154,1258
253,1122
254,1122
255,1122
154,1122
253,1259
254,1259
255,1259
154,1259
253,836
254,836
255,836
154,836
253,1260
254,1260
255,1260
154,1260
253,1261
254,1261
255,1261
154,1261
253,1262
254,1262
255,1262
154,1262
253,32
254,32
255,32
154,32
253,12
254,12
255,12
154,12
253,13
254,13
255,13
154,13
253,14
254,14
255,14
154,14
256,1263
257,1263
256,1264
257,1264
256,1265
257,1265
256,584
257,584
256,1056
257,1056
256,1266
257,1266
256,1267
257,1267
256,652
257,652
256,577
257,577
256,1051
257,1051
256,32
257,32
256,12
257,12
256,13
257,13
256,14
257,14
258,131
258,1268
258,1269
258,1270
258,1271
258,1272
258,524
258,131
258,31
258,12
258,13
258,14
181,1273
6,1273
181,1274
6,1274
181,159
6,159
181,608
6,608
181,979
6,979
181,1275
6,1275
181,147
6,147
181,1276
6,1276
181,385
6,385
181,886
6,886
181,167
6,167
181,1277
6,1277
181,32
6,32
181,649
6,649
181,1278
6,1278
181,31
6,31
181,12
6,12
181,13
6,13
181,14
6,14
8,1279
259,1279
260,1279
261,1279
8,1280
259,1280
260,1280
261,1280
8,1281
259,1281
260,1281
261,1281
8,1282
259,1282
260,1282
261,1282
8,1283
259,1283
260,1283
261,1283
8,1284
259,1284
260,1284
261,1284
8,1285
259,1285
260,1285
261,1285
8,1286
259,1286
260,1286
261,1286
8,1287
259,1287
260,1287
261,1287
8,1288
259,1288
260,1288
261,1288
8,1289
259,1289
260,1289
261,1289
8,1290
259,1290
260,1290
261,1290
8,32
259,32
260,32
261,32
8,12
259,12
260,12
261,12
8,13
259,13
260,13
261,13
8,14
259,14
260,14
261,14
262,1291
263,1291
5,1291
262,1292
263,1292
5,1292
262,1293
263,1293
5,1293
262,1294
263,1294
5,1294
262,1295
263,1295
5,1295
262,1296
263,1296
5,1296
262,1297
263,1297
5,1297
262,1298
263,1298
5,1298
262,1292
263,1292
5,1292
262,1291
263,1291
5,1291
262,31
263,31
5,31
262,12
263,12
5,12
262,13
263,13
5,13
262,14
263,14
5,14
1,1299
264,1299
1,542
264,542
1,463
264,463
1,1300
264,1300
1,599
264,599
1,1301
264,1301
1,1302
264,1302
1,1303
264,1303
1,1304
264,1304
1,418
264,418
1,463
264,463
1,549
264,549
1,32
264,32
1,12
264,12
1,13
264,13
1,14
264,14
265,1305
265,1306
265,1307
265,1308
265,1309
265,1310
265,1311
265,1312
265,1313
265,1314
265,32
265,12
265,13
265,14
266,1315
267,1315
266,1316
267,1316
266,1317
267,1317
266,1318
267,1318
266,1319
267,1319
266,1320
267,1320
266,1321
267,1321
266,1322
267,1322
266,1323
267,1323
266,1324
267,1324
266,409
267,409
266,31
267,31
266,12
267,12
266,13
267,13
266,14
267,14
268,1325
268,283
268,616
268,876
268,1326
268,622
268,882
268,1325
268,1327
268,1328
268,31
268,12
268,13
268,14
269,1329
219,1329
270,1329
269,1330
219,1330
270,1330
269,1331
219,1331
270,1331
269,586
219,586
270,586
269,1332
219,1332
270,1332
269,1333
219,1333
270,1333
269,1334
219,1334
270,1334
269,1335
219,1335
270,1335
269,586
219,586
270,586
269,1330
219,1330
270,1330
269,1302
219,1302
270,1302
269,1336
219,1336
270,1336
269,1337
219,1337
270,1337
269,1338
219,1338
270,1338
269,1339
219,1339
270,1339
269,1332
219,1332
270,1332
269,72
219,72
270,72
269,32
219,32
270,32
269,33
219,33
270,33
269,34
219,34
270,34
269,14
219,14
270,14
64,1340
64,1341
64,1342
64,901
64,1343
64,1344
64,1345
64,1346
64,288
64,1347
64,330
64,1348
64,1349
64,1350
64,1351
64,1345
64,1344
64,288
64,1352
64,342
64,1353
64,905
64,1354
64,335
64,963
64,1355
64,836
64,1356
64,226
64,32
64,31
64,12
64,13
64,14
271,1357
271,1358
271,1359
271,360
271,1360
271,1360
271,1361
271,1362
271,1363
271,1364
271,32
271,31
271,12
271,13
271,14
110,1365
272,1365
110,1366
272,1366
110,1367
272,1367
110,1368
272,1368
110,31
272,31
110,12
272,12
110,13
272,13
110,14
272,14
48,1369
48,1370
48,586
48,673
48,1371
48,586
48,1370
48,1372
48,32
48,12
48,13
48,14
273,1373
251,1373
273,1374
251,1374
273,218
251,218
273,912
251,912
273,454
251,454
273,223
251,223
273,1375
251,1375
273,1376
251,1376
273,31
251,31
273,12
251,12
273,13
251,13
273,14
251,14
274,1377
48,1377
274,1378
48,1378
274,862
48,862
274,121
48,121
274,1379
48,1379
274,1380
48,1380
274,912
48,912
274,219
48,219
274,1381
48,1381
274,1382
48,1382
274,413
48,413
274,1383
48,1383
274,1384
48,1384
274,1385
48,1385
274,460
48,460
274,345
48,345
274,1386
48,1386
274,1387
48,1387
274,1388
48,1388
274,1389
48,1389
274,1390
48,1390
274,1391
48,1391
274,1392
48,1392
274,1393
48,1393
274,1394
48,1394
274,875
48,875
274,1395
48,1395
274,1396
48,1396
274,1397
48,1397
274,224
48,224
274,31
48,31
274,12
48,12
274,13
48,13
274,14
48,14
45,122
275,122
45,1398
275,1398
45,1399
275,1399
45,1400
275,1400
45,626
275,626
45,1401
275,1401
45,1402
275,1402
45,165
275,165
45,1403
275,1403
45,1404
275,1404
45,32
275,32
45,31
275,31
45,12
275,12
45,13
275,13
45,14
275,14
276,737
277,737
278,737
279,737
276,1405
277,1405
278,1405
279,1405
276,1406
277,1406
278,1406
279,1406
276,1407
277,1407
278,1407
279,1407
276,1408
277,1408
278,1408
279,1408
276,1409
277,1409
278,1409
279,1409
276,737
277,737
278,737
279,737
276,1410
277,1410
278,1410
279,1410
276,1411
277,1411
278,1411
279,1411
276,32
277,32
278,32
279,32
276,12
277,12
278,12
279,12
276,34
277,34
278,34
279,34
276,14
277,14
278,14
279,14
280,1412
281,1412
282,1412
283,1412
280,1413
281,1413
282,1413
283,1413
280,1251
281,1251
282,1251
283,1251
280,1414
281,1414
282,1414
283,1414
280,466
281,466
282,466
283,466
280,466
281,466
282,466
283,466
280,1415
281,1415
282,1415
283,1415
280,1416
281,1416
282,1416
283,1416
280,1256
281,1256
282,1256
283,1256
280,1417
281,1417
282,1417
283,1417
280,717
281,717
282,717
283,717
280,32
281,32
282,32
283,32
280,225
281,225
282,225
283,225
280,12
281,12
282,12
283,12
280,34
281,34
282,34
283,34
280,14
281,14
282,14
283,14
284,1418
285,1418
23,1418
284,1419
285,1419
23,1419
284,1420
285,1420
23,1420
284,1421
285,1421
23,1421
284,1422
285,1422
23,1422
284,1423
285,1423
23,1423
284,32
285,32
23,32
284,12
285,12
23,12
284,13
285,13
23,13
284,14
285,14
23,14
80,1424
286,1424
23,1424
285,1424
80,406
286,406
23,406
285,406
80,1425
286,1425
23,1425
285,1425
80,104
286,104
23,104
285,104
80,1426
286,1426
23,1426
285,1426
80,412
286,412
23,412
285,412
80,1154
286,1154
23,1154
285,1154
80,110
286,110
23,110
285,110
80,32
286,32
23,32
285,32
80,12
286,12
23,12
285,12
80,13
286,13
23,13
285,13
80,14
286,14
23,14
285,14
287,1427
288,1427
289,1427
287,1428
288,1428
289,1428
287,1429
288,1429
289,1429
287,1430
288,1430
289,1430
287,862
288,862
289,862
287,1431
288,1431
289,1431
287,1432
288,1432
289,1432
287,1433
288,1433
289,1433
287,875
288,875
289,875
287,1434
288,1434
289,1434
287,1435
288,1435
289,1435
287,1436
288,1436
289,1436
287,32
288,32
289,32
287,12
288,12
289,12
287,13
288,13
289,13
287,14
288,14
289,14
290,1437
290,939
290,253
290,1438
290,1439
290,1440
290,1441
290,1442
290,1443
290,1444
290,256
290,1445
290,32
290,12
290,13
290,14
291,32
292,32
291,12
292,12
291,13
292,13
291,14
292,14
293,1446
294,1446
293,1447
294,1447
293,1448
294,1448
293,1449
294,1449
293,1450
294,1450
293,0
294,0
293,1451
294,1451
293,121
294,121
293,738
294,738
293,1452
294,1452
293,1453
294,1453
293,349
294,349
293,1454
294,1454
293,1455
294,1455
293,1456
294,1456
293,1457
294,1457
293,6
294,6
293,1458
294,1458
293,1459
294,1459
293,742
294,742
293,31
294,31
293,12
294,12
293,13
294,13
293,14
294,14
295,1460
295,1461
295,228
295,1462
295,1463
295,517
295,32
295,12
295,13
295,14
296,232
51,232
296,1464
51,1464
296,1465
51,1465
296,1466
51,1466
296,1467
51,1467
296,1468
51,1468
296,1469
51,1469
296,1470
51,1470
296,1471
51,1471
296,1472
51,1472
296,32
51,32
296,12
51,12
296,13
51,13
296,14
51,14
297,737
298,737
299,737
297,1473
298,1473
299,1473
297,1474
298,1474
299,1474
297,1475
298,1475
299,1475
297,737
298,737
299,737
297,1476
298,1476
299,1476
297,1474
298,1474
299,1474
297,1475
298,1475
299,1475
297,32
298,32
299,32
297,31
298,31
299,31
297,12
298,12
299,12
297,13
298,13
299,13
297,14
298,14
299,14
300,1477
300,1120
300,1478
300,291
300,1479
300,786
300,121
300,1480
300,1481
300,1482
300,291
300,1483
300,1122
300,1484
300,56
300,1485
300,1486
300,1481
300,1487
300,126
300,1488
300,32
300,12
300,13
300,14
181,876
39,876
181,881
39,881
181,1489
39,1489
181,846
39,846
181,882
39,882
181,1490
39,1490
181,854
39,854
181,886
39,886
181,32
39,32
181,31
39,31
181,12
39,12
181,13
39,13
181,14
39,14
301,1491
301,1492
301,466
301,1493
301,306
301,1494
301,471
301,1495
301,32
301,12
301,13
301,14
302,1496
303,1496
302,726
303,726
302,1497
303,1497
302,1138
303,1138
302,142
303,142
302,1498
303,1498
302,730
303,730
302,1499
303,1499
302,1500
303,1500
302,142
303,142
302,32
303,32
302,31
303,31
302,12
303,12
302,34
303,34
302,14
303,14
298,1501
297,1501
298,1502
297,1502
298,1503
297,1503
298,962
297,962
298,1504
297,1504
298,1330
297,1330
298,1501
297,1501
298,1505
297,1505
298,1506
297,1506
298,1330
297,1330
298,1507
297,1507
298,1508
297,1508
298,962
297,962
298,1509
297,1509
298,1505
297,1505
298,32
297,32
298,31
297,31
298,12
297,12
298,13
297,13
298,14
297,14
304,1510
304,1511
304,1512
304,1513
304,1514
304,208
304,1515
304,1516
304,32
304,12
304,34
304,14
305,1517
306,1517
305,1518
306,1518
305,1519
306,1519
305,1520
306,1520
305,1521
306,1521
305,1521
306,1521
305,1522
306,1522
305,907
306,907
305,1523
306,1523
305,1524
306,1524
305,32
306,32
305,31
306,31
305,12
306,12
305,13
306,13
305,14
306,14
307,1525
23,1525
307,1526
23,1526
307,1527
23,1527
307,1528
23,1528
307,1529
23,1529
307,1530
23,1530
307,1529
23,1529
307,1531
23,1531
307,1532
23,1532
307,1533
23,1533
307,1534
23,1534
307,1535
23,1535
307,1536
23,1536
307,32
23,32
307,12
23,12
307,13
23,13
307,14
23,14
39,1537
39,876
39,1538
39,924
39,1101
39,929
39,893
39,882
39,1539
39,1106
39,31
39,12
39,13
39,14
3,345
8,345
5,345
154,345
4,345
259,345
3,332
8,332
5,332
154,332
4,332
259,332
3,471
8,471
5,471
154,471
4,471
259,471
3,517
8,517
5,517
154,517
4,517
259,517
3,345
8,345
5,345
154,345
4,345
259,345
3,31
8,31
5,31
154,31
4,31
259,31
3,12
8,12
5,12
154,12
4,12
259,12
3,34
8,34
5,34
154,34
4,34
259,34
3,35
8,35
5,35
154,35
4,35
259,35
12,1540
12,1541
12,1542
12,1374
12,1543
12,1055
12,1544
12,1545
12,1092
12,1546
12,1547
12,1548
12,449
12,1549
12,1550
12,594
12,1551
12,1552
12,1553
12,1554
12,993
12,42
12,228
12,1555
12,517
12,1556
12,1557
12,454
12,36
12,1558
12,1551
12,605
12,1550
12,1559
12,1549
12,449
12,1560
12,1561
12,1562
12,1563
12,1564
12,1565
12,1055
12,1566
12,1567
12,1568
12,584
12,32
12,12
12,13
12,14
194,773
195,773
153,773
194,641
195,641
153,641
194,774
195,774
153,774
194,142
195,142
153,142
194,1569
195,1569
153,1569
194,1570
195,1570
153,1570
194,1571
195,1571
153,1571
194,1572
195,1572
153,1572
194,1573
195,1573
153,1573
194,1574
195,1574
153,1574
194,1575
195,1575
153,1575
194,782
195,782
153,782
194,150
195,150
153,150
194,1569
195,1569
153,1569
194,1576
195,1576
153,1576
194,1577
195,1577
153,1577
194,1578
195,1578
153,1578
194,1579
195,1579
153,1579
194,1580
195,1580
153,1580
194,1575
195,1575
153,1575
194,641
195,641
153,641
194,773
195,773
153,773
194,32
195,32
153,32
194,12
195,12
153,12
194,13
195,13
153,13
194,14
195,14
153,14
241,406
241,228
241,1581
241,289
241,1582
241,1583
241,1584
241,517
241,149
241,32
241,226
241,31
241,12
241,13
241,14
308,122
309,122
308,1585
309,1585
308,1586
309,1586
308,142
309,142
308,1587
309,1587
308,1588
309,1588
308,122
309,122
308,150
309,150
308,1589
309,1589
308,32
309,32
308,12
309,12
308,13
309,13
308,14
309,14
310,517
311,517
23,517
123,517
241,517
310,1590
311,1590
23,1590
123,1590
241,1590
310,1591
311,1591
23,1591
123,1591
241,1591
310,1592
311,1592
23,1592
123,1592
241,1592
310,32
311,32
23,32
123,32
241,32
310,12
311,12
23,12
123,12
241,12
310,13
311,13
23,13
123,13
241,13
310,14
311,14
23,14
123,14
241,14
