doc,act,tag
0,0,0
0,1,0
0,0,1
0,1,1
0,0,2
0,1,2
0,0,3
0,1,3
0,0,4
0,1,4
0,0,5
0,1,5
0,0,6
0,1,6
0,0,7
0,1,7
0,0,8
0,1,8
0,0,9
0,1,9
0,0,10
0,1,10
0,0,11
0,1,11
0,0,12
0,1,12
0,0,13
0,1,13
0,0,14
0,1,14
1,2,15
1,2,16
1,2,17
1,2,18
1,2,19
1,2,20
1,2,21
1,2,22
1,2,23
1,2,24
1,2,25
1,2,26
1,2,27
1,2,28
1,2,29
1,2,30
1,2,31
1,2,12
1,2,13
1,2,14
2,3,32
2,4,32
2,5,32
2,6,32
2,7,32
2,8,32
2,3,33
2,4,33
2,5,33
2,6,33
2,7,33
2,8,33
2,3,34
2,4,34
2,5,34
2,6,34
2,7,34
2,8,34
2,3,35
2,4,35
2,5,35
2,6,35
2,7,35
2,8,35
3,9,36
3,10,36
3,11,36
3,12,36
3,9,37
3,10,37
3,11,37
3,12,37
3,9,38
3,10,38
3,11,38
3,12,38
3,9,39
3,10,39
3,11,39
3,12,39
3,9,40
3,10,40
3,11,40
3,12,40
3,9,41
3,10,41
3,11,41
3,12,41
3,9,42
3,10,42
3,11,42
3,12,42
3,9,43
3,10,43
3,11,43
3,12,43
3,9,44
3,10,44
3,11,44
3,12,44
3,9,45
3,10,45
3,11,45
3,12,45
3,9,46
3,10,46
3,11,46
3,12,46
3,9,47
3,10,47
3,11,47
3,12,47
3,9,48
3,10,48
3,11,48
3,12,48
3,9,32
3,10,32
3,11,32
3,12,32
3,9,31
3,10,31
3,11,31
3,12,31
3,9,12
3,10,12
3,11,12
3,12,12
3,9,13
3,10,13
3,11,13
3,12,13
3,9,14
3,10,14
3,11,14
3,12,14
4,13,49
4,13,50
4,13,51
4,13,52
4,13,53
4,13,54
4,13,55
4,13,56
4,13,57
4,13,58
4,13,59
4,13,60
4,13,32
4,13,31
4,13,33
4,13,34
4,13,14
5,14,61
5,15,61
5,16,61
5,14,62
5,15,62
5,16,62
5,14,63
5,15,63
5,16,63
5,14,64
5,15,64
5,16,64
5,14,65
5,15,65
5,16,65
5,14,66
5,15,66
5,16,66
5,14,67
5,15,67
5,16,67
5,14,68
5,15,68
5,16,68
5,14,69
5,15,69
5,16,69
5,14,70
5,15,70
5,16,70
5,14,71
5,15,71
5,16,71
5,14,72
5,15,72
5,16,72
5,14,32
5,15,32
5,16,32
5,14,12
5,15,12
5,16,12
5,14,34
5,15,34
5,16,34
5,14,14
5,15,14
5,16,14
6,17,73
6,18,73
6,19,73
6,17,74
6,18,74
6,19,74
6,17,75
6,18,75
6,19,75
6,17,76
6,18,76
6,19,76
6,17,77
6,18,77
6,19,77
6,17,76
6,18,76
6,19,76
6,17,78
6,18,78
6,19,78
6,17,79
6,18,79
6,19,79
6,17,80
6,18,80
6,19,80
6,17,81
6,18,81
6,19,81
6,17,32
6,18,32
6,19,32
6,17,31
6,18,31
6,19,31
6,17,12
6,18,12
6,19,12
6,17,13
6,18,13
6,19,13
6,17,14
6,18,14
6,19,14
7,20,82
7,21,82
7,20,83
7,21,83
7,20,84
7,21,84
7,20,85
7,21,85
7,20,86
7,21,86
7,20,31
7,21,31
7,20,12
7,21,12
7,20,13
7,21,13
7,20,14
7,21,14
8,22,87
8,22,88
8,22,89
8,22,90
8,22,91
8,22,92
8,22,93
8,22,94
8,22,95
8,22,96
8,22,97
8,22,98
8,22,87
8,22,90
8,22,88
8,22,32
8,22,31
8,22,12
8,22,13
8,22,14
9,23,99
9,24,99
9,25,99
9,23,100
9,24,100
9,25,100
9,23,101
9,24,101
9,25,101
9,23,102
9,24,102
9,25,102
9,23,103
9,24,103
9,25,103
9,23,104
9,24,104
9,25,104
9,23,105
9,24,105
9,25,105
9,23,106
9,24,106
9,25,106
9,23,107
9,24,107
9,25,107
9,23,108
9,24,108
9,25,108
9,23,109
9,24,109
9,25,109
9,23,110
9,24,110
9,25,110
9,23,32
9,24,32
9,25,32
9,23,12
9,24,12
9,25,12
9,23,13
9,24,13
9,25,13
9,23,14
9,24,14
9,25,14
10,26,111
10,27,111
10,28,111
10,26,112
10,27,112
10,28,112
10,26,113
10,27,113
10,28,113
10,26,114
10,27,114
10,28,114
10,26,115
10,27,115
10,28,115
10,26,116
10,27,116
10,28,116
10,26,117
10,27,117
10,28,117
10,26,118
10,27,118
10,28,118
10,26,31
10,27,31
10,28,31
10,26,12
10,27,12
10,28,12
10,26,13
10,27,13
10,28,13
10,26,14
10,27,14
10,28,14
11,29,119
11,29,120
11,29,121
11,29,122
11,29,123
11,29,124
11,29,125
11,29,122
11,29,126
11,29,127
11,29,32
11,29,12
11,29,13
11,29,14
12,30,128
12,31,128
12,32,128
12,33,128
12,34,128
12,30,129
12,31,129
12,32,129
12,33,129
12,34,129
12,30,130
12,31,130
12,32,130
12,33,130
12,34,130
12,30,131
12,31,131
12,32,131
12,33,131
12,34,131
12,30,132
12,31,132
12,32,132
12,33,132
12,34,132
12,30,133
12,31,133
12,32,133
12,33,133
12,34,133
12,30,134
12,31,134
12,32,134
12,33,134
12,34,134
12,30,135
12,31,135
12,32,135
12,33,135
12,34,135
12,30,136
12,31,136
12,32,136
12,33,136
12,34,136
12,30,137
12,31,137
12,32,137
12,33,137
12,34,137
12,30,31
12,31,31
12,32,31
12,33,31
12,34,31
12,30,138
12,31,138
12,32,138
12,33,138
12,34,138
12,30,139
12,31,139
12,32,139
12,33,139
12,34,139
12,30,140
12,31,140
12,32,140
12,33,140
12,34,140
12,30,12
12,31,12
12,32,12
12,33,12
12,34,12
12,30,13
12,31,13
12,32,13
12,33,13
12,34,13
12,30,14
12,31,14
12,32,14
12,33,14
12,34,14
13,35,141
13,36,141
13,37,141
13,35,142
13,36,142
13,37,142
13,35,143
13,36,143
13,37,143
13,35,144
13,36,144
13,37,144
13,35,145
13,36,145
13,37,145
13,35,146
13,36,146
13,37,146
13,35,147
13,36,147
13,37,147
13,35,148
13,36,148
13,37,148
13,35,149
13,36,149
13,37,149
13,35,150
13,36,150
13,37,150
13,35,32
13,36,32
13,37,32
13,35,33
13,36,33
13,37,33
13,35,34
13,36,34
13,37,34
13,35,14
13,36,14
13,37,14
14,38,121
14,38,151
14,38,152
14,38,153
14,38,154
14,38,56
14,38,126
14,38,155
14,38,156
14,38,157
14,38,32
14,38,12
14,38,13
14,38,14
15,39,158
15,40,158
15,6,158
15,39,159
15,40,159
15,6,159
15,39,160
15,40,160
15,6,160
15,39,161
15,40,161
15,6,161
15,39,162
15,40,162
15,6,162
15,39,163
15,40,163
15,6,163
15,39,164
15,40,164
15,6,164
15,39,165
15,40,165
15,6,165
15,39,166
15,40,166
15,6,166
15,39,167
15,40,167
15,6,167
15,39,32
15,40,32
15,6,32
15,39,31
15,40,31
15,6,31
15,39,12
15,40,12
15,6,12
15,39,13
15,40,13
15,6,13
15,39,14
15,40,14
15,6,14
16,41,168
16,42,168
16,43,168
16,41,169
16,42,169
16,43,169
16,41,170
16,42,170
16,43,170
16,41,171
16,42,171
16,43,171
16,41,172
16,42,172
16,43,172
16,41,65
16,42,65
16,43,65
16,41,173
16,42,173
16,43,173
16,41,174
16,42,174
16,43,174
16,41,175
16,42,175
16,43,175
16,41,176
16,42,176
16,43,176
16,41,177
16,42,177
16,43,177
16,41,169
16,42,169
16,43,169
16,41,178
16,42,178
16,43,178
16,41,66
16,42,66
16,43,66
16,41,179
16,42,179
16,43,179
16,41,180
16,42,180
16,43,180
16,41,181
16,42,181
16,43,181
16,41,182
16,42,182
16,43,182
16,41,32
16,42,32
16,43,32
16,41,12
16,42,12
16,43,12
16,41,13
16,42,13
16,43,13
16,41,14
16,42,14
16,43,14
17,44,183
17,44,184
17,44,185
17,44,186
17,44,187
17,44,188
17,44,189
17,44,190
17,44,191
17,44,192
17,44,193
17,44,194
17,44,195
17,44,196
17,44,32
17,44,12
17,44,34
17,44,14
18,45,197
18,46,197
18,45,198
18,46,198
18,45,199
18,46,199
18,45,200
18,46,200
18,45,201
18,46,201
18,45,202
18,46,202
18,45,203
18,46,203
18,45,204
18,46,204
18,45,205
18,46,205
18,45,206
18,46,206
18,45,207
18,46,207
18,45,208
18,46,208
18,45,200
18,46,200
18,45,209
18,46,209
18,45,210
18,46,210
18,45,198
18,46,198
18,45,211
18,46,211
18,45,150
18,46,150
18,45,206
18,46,206
18,45,212
18,46,212
18,45,213
18,46,213
18,45,214
18,46,214
18,45,32
18,46,32
18,45,12
18,46,12
18,45,34
18,46,34
18,45,14
18,46,14
19,47,215
19,47,216
19,47,217
19,47,218
19,47,219
19,47,220
19,47,221
19,47,222
19,47,223
19,47,224
19,47,225
19,47,226
19,47,32
19,47,12
19,47,13
19,47,14
20,48,227
20,48,228
20,48,229
20,48,230
20,48,31
20,48,12
20,48,13
20,48,14
21,49,231
21,50,231
21,51,231
21,49,232
21,50,232
21,51,232
21,49,233
21,50,233
21,51,233
21,49,234
21,50,234
21,51,234
21,49,235
21,50,235
21,51,235
21,49,236
21,50,236
21,51,236
21,49,231
21,50,231
21,51,231
21,49,237
21,50,237
21,51,237
21,49,238
21,50,238
21,51,238
21,49,239
21,50,239
21,51,239
21,49,32
21,50,32
21,51,32
21,49,12
21,50,12
21,51,12
21,49,13
21,50,13
21,51,13
21,49,14
21,50,14
21,51,14
22,52,240
22,53,240
22,52,241
22,53,241
22,52,242
22,53,242
22,52,243
22,53,243
22,52,244
22,53,244
22,52,245
22,53,245
22,52,246
22,53,246
22,52,247
22,53,247
22,52,248
22,53,248
22,52,249
22,53,249
22,52,250
22,53,250
22,52,251
22,53,251
22,52,32
22,53,32
22,52,33
22,53,33
22,52,13
22,53,13
22,52,14
22,53,14
23,54,252
23,55,252
23,56,252
23,54,253
23,55,253
23,56,253
23,54,254
23,55,254
23,56,254
23,54,255
23,55,255
23,56,255
23,54,256
23,55,256
23,56,256
23,54,257
23,55,257
23,56,257
23,54,32
23,55,32
23,56,32
23,54,12
23,55,12
23,56,12
23,54,13
23,55,13
23,56,13
23,54,14
23,55,14
23,56,14
24,57,258
24,57,259
24,57,260
24,57,261
24,57,262
24,57,263
24,57,264
24,57,265
24,57,266
24,57,259
24,57,32
24,57,12
24,57,13
24,57,14
25,58,267
25,58,268
25,58,269
25,58,270
25,58,271
25,58,272
25,58,268
25,58,273
25,58,274
25,58,271
25,58,31
25,58,275
25,58,276
25,58,12
25,58,13
25,58,14
26,59,277
26,60,277
26,59,278
26,60,278
26,59,279
26,60,279
26,59,280
26,60,280
26,59,281
26,60,281
26,59,282
26,60,282
26,59,283
26,60,283
26,59,284
26,60,284
26,59,269
26,60,269
26,59,285
26,60,285
26,59,279
26,60,279
26,59,280
26,60,280
26,59,286
26,60,286
26,59,282
26,60,282
26,59,283
26,60,283
26,59,167
26,60,167
26,59,278
26,60,278
26,59,277
26,60,277
26,59,287
26,60,287
26,59,288
26,60,288
26,59,32
26,60,32
26,59,12
26,60,12
26,59,34
26,60,34
26,59,14
26,60,14
27,61,289
27,61,290
27,61,291
27,61,292
27,61,293
27,61,294
27,61,295
27,61,296
27,61,297
27,61,298
27,61,299
27,61,300
27,61,301
27,61,32
27,61,12
27,61,13
27,61,14
28,47,302
28,47,216
28,47,303
28,47,25
28,47,304
28,47,305
28,47,306
28,47,307
28,47,225
28,47,32
28,47,31
28,47,12
28,47,13
28,47,14
29,62,308
29,62,309
29,62,310
29,62,311
29,62,312
29,62,313
29,62,314
29,62,315
29,62,316
29,62,317
29,62,318
29,62,319
29,62,320
29,62,321
29,62,32
29,62,31
29,62,12
29,62,34
29,62,14
30,63,322
30,63,323
30,63,324
30,63,325
30,63,326
30,63,327
30,63,32
30,63,12
30,63,13
30,63,14
31,64,328
31,64,329
31,64,330
31,64,331
31,64,332
31,64,219
31,64,333
31,64,334
31,64,335
31,64,336
31,64,337
31,64,338
31,64,142
31,64,339
31,64,340
31,64,341
31,64,342
31,64,32
31,64,31
31,64,12
31,64,13
31,64,14
32,65,343
32,66,343
32,67,343
32,65,344
32,66,344
32,67,344
32,65,345
32,66,345
32,67,345
32,65,346
32,66,346
32,67,346
32,65,347
32,66,347
32,67,347
32,65,348
32,66,348
32,67,348
32,65,349
32,66,349
32,67,349
32,65,349
32,66,349
32,67,349
32,65,343
32,66,343
32,67,343
32,65,348
32,66,348
32,67,348
32,65,347
32,66,347
32,67,347
32,65,346
32,66,346
32,67,346
32,65,345
32,66,345
32,67,345
32,65,344
32,66,344
32,67,344
32,65,32
32,66,32
32,67,32
32,65,12
32,66,12
32,67,12
32,65,13
32,66,13
32,67,13
32,65,14
32,66,14
32,67,14
33,68,350
33,69,350
33,70,350
33,71,350
33,68,351
33,69,351
33,70,351
33,71,351
33,68,352
33,69,352
33,70,352
33,71,352
33,68,353
33,69,353
33,70,353
33,71,353
33,68,354
33,69,354
33,70,354
33,71,354
33,68,351
33,69,351
33,70,351
33,71,351
33,68,355
33,69,355
33,70,355
33,71,355
33,68,356
33,69,356
33,70,356
33,71,356
33,68,32
33,69,32
33,70,32
33,71,32
33,68,12
33,69,12
33,70,12
33,71,12
33,68,13
33,69,13
33,70,13
33,71,13
33,68,14
33,69,14
33,70,14
33,71,14
34,3,31
34,4,31
34,5,31
34,6,31
34,7,31
34,8,31
34,37,31
34,72,31
34,3,12
34,4,12
34,5,12
34,6,12
34,7,12
34,8,12
34,37,12
34,72,12
34,3,34
34,4,34
34,5,34
34,6,34
34,7,34
34,8,34
34,37,34
34,72,34
34,3,35
34,4,35
34,5,35
34,6,35
34,7,35
34,8,35
34,37,35
34,72,35
35,73,357
35,73,358
35,73,359
35,73,360
35,73,361
35,73,362
35,73,363
35,73,364
35,73,365
35,73,366
35,73,367
35,73,368
35,73,369
35,73,31
35,73,12
35,73,13
35,73,14
36,74,370
36,75,370
36,74,371
36,75,371
36,74,372
36,75,372
36,74,373
36,75,373
36,74,374
36,75,374
36,74,375
36,75,375
36,74,376
36,75,376
36,74,377
36,75,377
36,74,372
36,75,372
36,74,378
36,75,378
36,74,32
36,75,32
36,74,12
36,75,12
36,74,13
36,75,13
36,74,14
36,75,14
37,76,379
37,76,380
37,76,381
37,76,382
37,76,383
37,76,159
37,76,384
37,76,385
37,76,386
37,76,387
37,76,388
37,76,389
37,76,275
37,76,32
37,76,12
37,76,13
37,76,14
38,77,390
38,77,391
38,77,392
38,77,393
38,77,394
38,77,395
38,77,396
38,77,397
38,77,398
38,77,399
38,77,12
38,77,13
38,77,14
39,78,400
39,79,400
39,78,401
39,79,401
39,78,402
39,79,402
39,78,403
39,79,403
39,78,404
39,79,404
39,78,32
39,79,32
39,78,33
39,79,33
39,78,13
39,79,13
39,78,14
39,79,14
40,80,405
40,80,406
40,80,407
40,80,408
40,80,409
40,80,410
40,80,411
40,80,412
40,80,413
40,80,226
40,80,32
40,80,12
40,80,13
40,80,14
41,81,414
41,81,415
41,81,416
41,81,417
41,81,418
41,81,31
41,81,12
41,81,13
41,81,14
42,48,31
42,82,31
42,83,31
42,84,31
42,48,12
42,82,12
42,83,12
42,84,12
42,48,13
42,82,13
42,83,13
42,84,13
42,48,14
42,82,14
42,83,14
42,84,14
43,85,419
43,86,419
43,87,419
43,85,420
43,86,420
43,87,420
43,85,421
43,86,421
43,87,421
43,85,422
43,86,422
43,87,422
43,85,423
43,86,423
43,87,423
43,85,424
43,86,424
43,87,424
43,85,425
43,86,425
43,87,425
43,85,426
43,86,426
43,87,426
43,85,226
43,86,226
43,87,226
43,85,32
43,86,32
43,87,32
43,85,12
43,86,12
43,87,12
43,85,13
43,86,13
43,87,13
43,85,14
43,86,14
43,87,14
44,88,427
44,88,428
44,88,429
44,88,430
44,88,431
44,88,432
44,88,433
44,88,434
44,88,435
44,88,436
44,88,437
44,88,45
44,88,438
44,88,439
44,88,440
44,88,432
44,88,32
44,88,31
44,88,12
44,88,13
44,88,14
45,89,441
45,90,441
45,89,442
45,90,442
45,89,443
45,90,443
45,89,444
45,90,444
45,89,290
45,90,290
45,89,445
45,90,445
45,89,441
45,90,441
45,89,445
45,90,445
45,89,290
45,90,290
45,89,446
45,90,446
45,89,447
45,90,447
45,89,448
45,90,448
45,89,32
45,90,32
45,89,12
45,90,12
45,89,13
45,90,13
45,89,14
45,90,14
46,91,449
46,91,450
46,91,451
46,91,452
46,91,453
46,91,454
46,91,455
46,91,452
46,91,456
46,91,449
46,91,32
46,91,31
46,91,12
46,91,13
46,91,14
47,92,457
47,92,458
47,92,459
47,92,390
47,92,460
47,92,461
47,92,457
47,92,458
47,92,459
47,92,390
47,92,460
47,92,461
47,92,32
47,92,33
47,92,13
47,92,14
48,93,462
48,93,463
48,93,464
48,93,465
48,93,216
48,93,466
48,93,467
48,93,468
48,93,469
48,93,464
48,93,470
48,93,221
48,93,471
48,93,467
48,93,472
48,93,473
48,93,463
48,93,474
48,93,32
48,93,12
48,93,13
48,93,14
49,94,475
49,94,476
49,94,477
49,94,478
49,94,479
49,94,480
49,94,481
49,94,482
49,94,483
49,94,32
49,94,33
49,94,13
49,94,14
50,95,289
50,95,484
50,95,485
50,95,486
50,95,487
50,95,488
50,95,489
50,95,490
50,95,161
50,95,491
50,95,492
50,95,493
50,95,494
50,95,486
50,95,495
50,95,496
50,95,497
50,95,165
50,95,490
50,95,498
50,95,32
50,95,275
50,95,499
50,95,31
50,95,500
50,95,276
50,95,501
50,95,502
50,95,140
50,95,12
50,95,13
50,95,14
51,96,503
51,97,503
51,98,503
51,96,504
51,97,504
51,98,504
51,96,505
51,97,505
51,98,505
51,96,178
51,97,178
51,98,178
51,96,506
51,97,506
51,98,506
51,96,507
51,97,507
51,98,507
51,96,508
51,97,508
51,98,508
51,96,32
51,97,32
51,98,32
51,96,12
51,97,12
51,98,12
51,96,34
51,97,34
51,98,34
51,96,14
51,97,14
51,98,14
52,99,509
52,100,509
52,16,509
52,15,509
52,99,510
52,100,510
52,16,510
52,15,510
52,99,511
52,100,511
52,16,511
52,15,511
52,99,512
52,100,512
52,16,512
52,15,512
52,99,25
52,100,25
52,16,25
52,15,25
52,99,228
52,100,228
52,16,228
52,15,228
52,99,513
52,100,513
52,16,513
52,15,513
52,99,514
52,100,514
52,16,514
52,15,514
52,99,515
52,100,515
52,16,515
52,15,515
52,99,516
52,100,516
52,16,516
52,15,516
52,99,25
52,100,25
52,16,25
52,15,25
52,99,517
52,100,517
52,16,517
52,15,517
52,99,71
52,100,71
52,16,71
52,15,71
52,99,72
52,100,72
52,16,72
52,15,72
52,99,32
52,100,32
52,16,32
52,15,32
52,99,12
52,100,12
52,16,12
52,15,12
52,99,34
52,100,34
52,16,34
52,15,34
52,99,14
52,100,14
52,16,14
52,15,14
53,101,518
53,102,518
53,101,519
53,102,519
53,101,520
53,102,520
53,101,521
53,102,521
53,101,521
53,102,521
53,101,522
53,102,522
53,101,523
53,102,523
53,101,524
53,102,524
53,101,71
53,102,71
53,101,10
53,102,10
53,101,32
53,102,32
53,101,12
53,102,12
53,101,13
53,102,13
53,101,14
53,102,14
54,103,525
54,104,525
54,103,526
54,104,526
54,103,525
54,104,525
54,103,122
54,104,122
54,103,527
54,104,527
54,103,332
54,104,332
54,103,345
54,104,345
54,103,31
54,104,31
54,103,139
54,104,139
54,103,12
54,104,12
54,103,13
54,104,13
54,103,14
54,104,14
55,105,528
55,105,529
55,105,530
55,105,31
55,105,12
55,105,13
55,105,14
56,106,253
56,106,531
56,106,532
56,106,533
56,106,534
56,106,535
56,106,536
56,106,537
56,106,538
56,106,539
56,106,31
56,106,12
56,106,13
56,106,14
57,107,540
57,108,540
57,5,540
57,107,541
57,108,541
57,5,541
57,107,542
57,108,542
57,5,542
57,107,543
57,108,543
57,5,543
57,107,544
57,108,544
57,5,544
57,107,545
57,108,545
57,5,545
57,107,546
57,108,546
57,5,546
57,107,547
57,108,547
57,5,547
57,107,548
57,108,548
57,5,548
57,107,549
57,108,549
57,5,549
57,107,31
57,108,31
57,5,31
57,107,12
57,108,12
57,5,12
57,107,13
57,108,13
57,5,13
57,107,14
57,108,14
57,5,14
58,109,490
58,110,490
58,109,550
58,110,550
58,109,551
58,110,551
58,109,552
58,110,552
58,109,142
58,110,142
58,109,553
58,110,553
58,109,31
58,110,31
58,109,12
58,110,12
58,109,13
58,110,13
58,109,14
58,110,14
59,111,509
59,112,509
59,111,554
59,112,554
59,111,555
59,112,555
59,111,556
59,112,556
59,111,557
59,112,557
59,111,558
59,112,558
59,111,559
59,112,559
59,111,560
59,112,560
59,111,509
59,112,509
59,111,561
59,112,561
59,111,562
59,112,562
59,111,514
59,112,514
59,111,563
59,112,563
59,111,564
59,112,564
59,111,349
59,112,349
59,111,565
59,112,565
59,111,566
59,112,566
59,111,561
59,112,561
59,111,32
59,112,32
59,111,31
59,112,31
59,111,12
59,112,12
59,111,13
59,112,13
59,111,14
59,112,14
60,113,42
60,114,42
60,113,567
60,114,567
60,113,467
60,114,467
60,113,568
60,114,568
60,113,467
60,114,467
60,113,42
60,114,42
60,113,568
60,114,568
60,113,569
60,114,569
60,113,570
60,114,570
60,113,32
60,114,32
60,113,12
60,114,12
60,113,13
60,114,13
60,113,14
60,114,14
61,115,571
61,116,571
61,115,572
61,116,572
61,115,573
61,116,573
61,115,574
61,116,574
61,115,575
61,116,575
61,115,573
61,116,573
61,115,32
61,116,32
61,115,12
61,116,12
61,115,13
61,116,13
61,115,14
61,116,14
62,117,576
62,117,577
62,117,485
62,117,578
62,117,579
62,117,580
62,117,581
62,117,582
62,117,583
62,117,579
62,117,584
62,117,495
62,117,585
62,117,586
62,117,587
62,117,582
62,117,588
62,117,589
62,117,32
62,117,31
62,117,33
62,117,13
62,117,14
63,118,590
63,118,591
63,118,592
63,118,593
63,118,594
63,118,595
63,118,596
63,118,597
63,118,577
63,118,598
63,118,599
63,118,290
63,118,460
63,118,460
63,118,290
63,118,600
63,118,601
63,118,584
63,118,602
63,118,603
63,118,604
63,118,595
63,118,605
63,118,606
63,118,592
63,118,591
63,118,32
63,118,12
63,118,34
63,118,14
64,119,607
64,119,172
64,119,608
64,119,609
64,119,610
64,119,598
64,119,611
64,119,612
64,119,613
64,119,614
64,119,147
64,119,178
64,119,32
64,119,12
64,119,13
64,119,14
65,120,615
65,120,616
65,120,617
65,120,618
65,120,619
65,120,620
65,120,621
65,120,622
65,120,623
65,120,624
65,120,625
65,120,626
65,120,627
65,120,628
65,120,31
65,120,629
65,120,12
65,120,13
65,120,14
66,121,630
66,121,631
66,121,632
66,121,633
66,121,634
66,121,635
66,121,636
66,121,637
66,121,264
66,121,638
66,121,639
66,121,640
66,121,31
66,121,12
66,121,13
66,121,14
67,103,641
67,23,641
67,122,641
67,123,641
67,103,642
67,23,642
67,122,642
67,123,642
67,103,643
67,23,643
67,122,643
67,123,643
67,103,644
67,23,644
67,122,644
67,123,644
67,103,147
67,23,147
67,122,147
67,123,147
67,103,645
67,23,645
67,122,645
67,123,645
67,103,646
67,23,646
67,122,646
67,123,646
67,103,506
67,23,506
67,122,506
67,123,506
67,103,149
67,23,149
67,122,149
67,123,149
67,103,647
67,23,647
67,122,647
67,123,647
67,103,600
67,23,600
67,122,600
67,123,600
67,103,648
67,23,648
67,122,648
67,123,648
67,103,649
67,23,649
67,122,649
67,123,649
67,103,225
67,23,225
67,122,225
67,123,225
67,103,31
67,23,31
67,122,31
67,123,31
67,103,12
67,23,12
67,122,12
67,123,12
67,103,13
67,23,13
67,122,13
67,123,13
67,103,14
67,23,14
67,122,14
67,123,14
68,7,650
68,124,650
68,125,650
68,126,650
68,127,650
68,128,650
68,85,650
68,129,650
68,130,650
68,7,651
68,124,651
68,125,651
68,126,651
68,127,651
68,128,651
68,85,651
68,129,651
68,130,651
68,7,652
68,124,652
68,125,652
68,126,652
68,127,652
68,128,652
68,85,652
68,129,652
68,130,652
68,7,653
68,124,653
68,125,653
68,126,653
68,127,653
68,128,653
68,85,653
68,129,653
68,130,653
68,7,654
68,124,654
68,125,654
68,126,654
68,127,654
68,128,654
68,85,654
68,129,654
68,130,654
68,7,655
68,124,655
68,125,655
68,126,655
68,127,655
68,128,655
68,85,655
68,129,655
68,130,655
68,7,656
68,124,656
68,125,656
68,126,656
68,127,656
68,128,656
68,85,656
68,129,656
68,130,656
68,7,657
68,124,657
68,125,657
68,126,657
68,127,657
68,128,657
68,85,657
68,129,657
68,130,657
68,7,658
68,124,658
68,125,658
68,126,658
68,127,658
68,128,658
68,85,658
68,129,658
68,130,658
68,7,659
68,124,659
68,125,659
68,126,659
68,127,659
68,128,659
68,85,659
68,129,659
68,130,659
68,7,31
68,124,31
68,125,31
68,126,31
68,127,31
68,128,31
68,85,31
68,129,31
68,130,31
68,7,629
68,124,629
68,125,629
68,126,629
68,127,629
68,128,629
68,85,629
68,129,629
68,130,629
68,7,12
68,124,12
68,125,12
68,126,12
68,127,12
68,128,12
68,85,12
68,129,12
68,130,12
68,7,13
68,124,13
68,125,13
68,126,13
68,127,13
68,128,13
68,85,13
68,129,13
68,130,13
68,7,14
68,124,14
68,125,14
68,126,14
68,127,14
68,128,14
68,85,14
68,129,14
68,130,14
69,113,32
69,131,32
69,113,31
69,131,31
69,113,12
69,131,12
69,113,13
69,131,13
69,113,14
69,131,14
70,132,466
70,50,466
70,53,466
70,51,466
70,132,660
70,50,660
70,53,660
70,51,660
70,132,661
70,50,661
70,53,661
70,51,661
70,132,662
70,50,662
70,53,662
70,51,662
70,132,663
70,50,663
70,53,663
70,51,663
70,132,664
70,50,664
70,53,664
70,51,664
70,132,471
70,50,471
70,53,471
70,51,471
70,132,665
70,50,665
70,53,665
70,51,665
70,132,666
70,50,666
70,53,666
70,51,666
70,132,667
70,50,667
70,53,667
70,51,667
70,132,668
70,50,668
70,53,668
70,51,668
70,132,669
70,50,669
70,53,669
70,51,669
70,132,32
70,50,32
70,53,32
70,51,32
70,132,12
70,50,12
70,53,12
70,51,12
70,132,13
70,50,13
70,53,13
70,51,13
70,132,14
70,50,14
70,53,14
70,51,14
71,133,670
71,133,671
71,133,672
71,133,673
71,133,674
71,133,675
71,133,676
71,133,677
71,133,678
71,133,44
71,133,679
71,133,675
71,133,32
71,133,31
71,133,12
71,133,13
71,133,14
72,134,351
72,134,443
72,134,680
72,134,681
72,134,682
72,134,683
72,134,684
72,134,684
72,134,351
72,134,683
72,134,682
72,134,685
72,134,686
72,134,447
72,134,32
72,134,12
72,134,13
72,134,14
73,135,687
73,135,688
73,135,689
73,135,690
73,135,691
73,135,692
73,135,693
73,135,694
73,135,695
73,135,696
73,135,32
73,135,31
73,135,12
73,135,13
73,135,14
74,136,697
74,136,197
74,136,490
74,136,698
74,136,699
74,136,700
74,136,701
74,136,702
74,136,703
74,136,704
74,136,490
74,136,705
74,136,32
74,136,12
74,136,13
74,136,14
75,137,706
75,138,706
75,137,170
75,138,170
75,137,707
75,138,707
75,137,708
75,138,708
75,137,709
75,138,709
75,137,710
75,138,710
75,137,711
75,138,711
75,137,177
75,138,177
75,137,32
75,138,32
75,137,31
75,138,31
75,137,12
75,138,12
75,137,13
75,138,13
75,137,14
75,138,14
76,139,712
76,85,712
76,129,712
76,139,713
76,85,713
76,129,713
76,139,714
76,85,714
76,129,714
76,139,715
76,85,715
76,129,715
76,139,524
76,85,524
76,129,524
76,139,716
76,85,716
76,129,716
76,139,717
76,85,717
76,129,717
76,139,32
76,85,32
76,129,32
76,139,12
76,85,12
76,129,12
76,139,13
76,85,13
76,129,13
76,139,14
76,85,14
76,129,14
77,140,718
77,140,719
77,140,720
77,140,721
77,140,722
77,140,723
77,140,724
77,140,725
77,140,718
77,140,722
77,140,32
77,140,12
77,140,34
77,140,14
78,7,726
78,141,726
78,7,727
78,141,727
78,7,728
78,141,728
78,7,729
78,141,729
78,7,683
78,141,683
78,7,683
78,141,683
78,7,730
78,141,730
78,7,731
78,141,731
78,7,732
78,141,732
78,7,733
78,141,733
78,7,32
78,141,32
78,7,12
78,141,12
78,7,34
78,141,34
78,7,14
78,141,14
79,142,734
79,143,734
79,142,735
79,143,735
79,142,736
79,143,736
79,142,737
79,143,737
79,142,738
79,143,738
79,142,739
79,143,739
79,142,632
79,143,632
79,142,740
79,143,740
79,142,741
79,143,741
79,142,449
79,143,449
79,142,742
79,143,742
79,142,739
79,143,739
79,142,743
79,143,743
79,142,637
79,143,637
79,142,744
79,143,744
79,142,745
79,143,745
79,142,32
79,143,32
79,142,12
79,143,12
79,142,13
79,143,13
79,142,14
79,143,14
80,144,746
80,145,746
80,144,747
80,145,747
80,144,748
80,145,748
80,144,749
80,145,749
80,144,750
80,145,750
80,144,751
80,145,751
80,144,752
80,145,752
80,144,753
80,145,753
80,144,32
80,145,32
80,144,31
80,145,31
80,144,12
80,145,12
80,144,34
80,145,34
80,144,14
80,145,14
81,146,754
81,129,754
81,147,754
81,146,755
81,129,755
81,147,755
81,146,485
81,129,485
81,147,485
81,146,756
81,129,756
81,147,756
81,146,121
81,129,121
81,147,121
81,146,142
81,129,142
81,147,142
81,146,757
81,129,757
81,147,757
81,146,758
81,129,758
81,147,758
81,146,759
81,129,759
81,147,759
81,146,760
81,129,760
81,147,760
81,146,761
81,129,761
81,147,761
81,146,762
81,129,762
81,147,762
81,146,150
81,129,150
81,147,150
81,146,126
81,129,126
81,147,126
81,146,763
81,129,763
81,147,763
81,146,764
81,129,764
81,147,764
81,146,226
81,129,226
81,147,226
81,146,32
81,129,32
81,147,32
81,146,31
81,129,31
81,147,31
81,146,139
81,129,139
81,147,139
81,146,12
81,129,12
81,147,12
81,146,13
81,129,13
81,147,13
81,146,14
81,129,14
81,147,14
82,148,765
82,149,765
82,150,765
82,151,765
82,148,510
82,149,510
82,150,510
82,151,510
82,148,766
82,149,766
82,150,766
82,151,766
82,148,767
82,149,767
82,150,767
82,151,767
82,148,768
82,149,768
82,150,768
82,151,768
82,148,768
82,149,768
82,150,768
82,151,768
82,148,767
82,149,767
82,150,767
82,151,767
82,148,769
82,149,769
82,150,769
82,151,769
82,148,770
82,149,770
82,150,770
82,151,770
82,148,771
82,149,771
82,150,771
82,151,771
82,148,629
82,149,629
82,150,629
82,151,629
82,148,32
82,149,32
82,150,32
82,151,32
82,148,12
82,149,12
82,150,12
82,151,12
82,148,13
82,149,13
82,150,13
82,151,13
82,148,14
82,149,14
82,150,14
82,151,14
83,152,772
83,153,772
83,152,773
83,153,773
83,152,774
83,153,774
83,152,775
83,153,775
83,152,776
83,153,776
83,152,777
83,153,777
83,152,641
83,153,641
83,152,641
83,153,641
83,152,778
83,153,778
83,152,779
83,153,779
83,152,780
83,153,780
83,152,781
83,153,781
83,152,782
83,153,782
83,152,773
83,153,773
83,152,32
83,153,32
83,152,12
83,153,12
83,152,13
83,153,13
83,152,14
83,153,14
84,6,31
84,3,31
84,4,31
84,5,31
84,154,31
84,7,31
84,8,31
84,6,12
84,3,12
84,4,12
84,5,12
84,154,12
84,7,12
84,8,12
84,6,34
84,3,34
84,4,34
84,5,34
84,154,34
84,7,34
84,8,34
84,6,35
84,3,35
84,4,35
84,5,35
84,154,35
84,7,35
84,8,35
85,155,783
85,156,783
85,157,783
85,158,783
85,155,784
85,156,784
85,157,784
85,158,784
85,155,785
85,156,785
85,157,785
85,158,785
85,155,786
85,156,786
85,157,786
85,158,786
85,155,787
85,156,787
85,157,787
85,158,787
85,155,788
85,156,788
85,157,788
85,158,788
85,155,789
85,156,789
85,157,789
85,158,789
85,155,56
85,156,56
85,157,56
85,158,56
85,155,32
85,156,32
85,157,32
85,158,32
85,155,12
85,156,12
85,157,12
85,158,12
85,155,13
85,156,13
85,157,13
85,158,13
85,155,14
85,156,14
85,157,14
85,158,14
86,159,790
86,160,790
86,161,790
86,162,790
86,159,791
86,160,791
86,161,791
86,162,791
86,159,792
86,160,792
86,161,792
86,162,792
86,159,793
86,160,793
86,161,793
86,162,793
86,159,791
86,160,791
86,161,791
86,162,791
86,159,794
86,160,794
86,161,794
86,162,794
86,159,32
86,160,32
86,161,32
86,162,32
86,159,12
86,160,12
86,161,12
86,162,12
86,159,13
86,160,13
86,161,13
86,162,13
86,159,14
86,160,14
86,161,14
86,162,14
87,163,786
87,92,786
87,163,795
87,92,795
87,163,796
87,92,796
87,163,460
87,92,460
87,163,56
87,92,56
87,163,797
87,92,797
87,163,798
87,92,798
87,163,460
87,92,460
87,163,32
87,92,32
87,163,33
87,92,33
87,163,13
87,92,13
87,163,14
87,92,14
88,164,799
88,165,799
88,164,640
88,165,640
88,164,800
88,165,800
88,164,801
88,165,801
88,164,228
88,165,228
88,164,802
88,165,802
88,164,803
88,165,803
88,164,804
88,165,804
88,164,805
88,165,805
88,164,806
88,165,806
88,164,228
88,165,228
88,164,807
88,165,807
88,164,808
88,165,808
88,164,640
88,165,640
88,164,32
88,165,32
88,164,12
88,165,12
88,164,34
88,165,34
88,164,14
88,165,14
89,166,809
89,166,810
89,166,811
89,166,388
89,166,812
89,166,813
89,166,814
89,166,815
89,166,816
89,166,817
89,166,818
89,166,819
89,166,388
89,166,820
89,166,821
89,166,344
89,166,822
89,166,823
89,166,824
89,166,32
89,166,12
89,166,13
89,166,14
90,167,825
90,168,825
90,167,826
90,168,826
90,167,827
90,168,827
90,167,466
90,168,466
90,167,828
90,168,828
90,167,829
90,168,829
90,167,830
90,168,830
90,167,831
90,168,831
90,167,828
90,168,828
90,167,471
90,168,471
90,167,832
90,168,832
90,167,833
90,168,833
90,167,32
90,168,32
90,167,12
90,168,12
90,167,13
90,168,13
90,167,14
90,168,14
91,78,834
91,169,834
91,170,834
91,101,834
91,102,834
91,171,834
91,172,834
91,173,834
91,78,835
91,169,835
91,170,835
91,101,835
91,102,835
91,171,835
91,172,835
91,173,835
91,78,490
91,169,490
91,170,490
91,101,490
91,102,490
91,171,490
91,172,490
91,173,490
91,78,70
91,169,70
91,170,70
91,101,70
91,102,70
91,171,70
91,172,70
91,173,70
91,78,836
91,169,836
91,170,836
91,101,836
91,102,836
91,171,836
91,172,836
91,173,836
91,78,32
91,169,32
91,170,32
91,101,32
91,102,32
91,171,32
91,172,32
91,173,32
91,78,12
91,169,12
91,170,12
91,101,12
91,102,12
91,171,12
91,172,12
91,173,12
91,78,34
91,169,34
91,170,34
91,101,34
91,102,34
91,171,34
91,172,34
91,173,34
91,78,14
91,169,14
91,170,14
91,101,14
91,102,14
91,171,14
91,172,14
91,173,14
92,174,837
92,37,837
92,174,838
92,37,838
92,174,839
92,37,839
92,174,526
92,37,526
92,174,121
92,37,121
92,174,840
92,37,840
92,174,841
92,37,841
92,174,842
92,37,842
92,174,527
92,37,527
92,174,126
92,37,126
92,174,840
92,37,840
92,174,843
92,37,843
92,174,844
92,37,844
92,174,32
92,37,32
92,174,12
92,37,12
92,174,13
92,37,13
92,174,14
92,37,14
93,9,845
93,175,845
93,176,845
93,9,846
93,175,846
93,176,846
93,9,847
93,175,847
93,176,847
93,9,452
93,175,452
93,176,452
93,9,848
93,175,848
93,176,848
93,9,849
93,175,849
93,176,849
93,9,850
93,175,850
93,176,850
93,9,851
93,175,851
93,176,851
93,9,852
93,175,852
93,176,852
93,9,452
93,175,452
93,176,452
93,9,853
93,175,853
93,176,853
93,9,854
93,175,854
93,176,854
93,9,32
93,175,32
93,176,32
93,9,12
93,175,12
93,176,12
93,9,13
93,175,13
93,176,13
93,9,14
93,175,14
93,176,14
94,177,855
94,178,855
94,179,855
94,177,856
94,178,856
94,179,856
94,177,495
94,178,495
94,179,495
94,177,147
94,178,147
94,179,147
94,177,32
94,178,32
94,179,32
94,177,33
94,178,33
94,179,33
94,177,13
94,178,13
94,179,13
94,177,14
94,178,14
94,179,14
95,180,857
95,143,857
95,180,858
95,143,858
95,180,859
95,143,859
95,180,860
95,143,860
95,180,861
95,143,861
95,180,862
95,143,862
95,180,863
95,143,863
95,180,864
95,143,864
95,180,865
95,143,865
95,180,866
95,143,866
95,180,867
95,143,867
95,180,868
95,143,868
95,180,869
95,143,869
95,180,870
95,143,870
95,180,871
95,143,871
95,180,872
95,143,872
95,180,873
95,143,873
95,180,874
95,143,874
95,180,213
95,143,213
95,180,875
95,143,875
95,180,32
95,143,32
95,180,31
95,143,31
95,180,12
95,143,12
95,180,13
95,143,13
95,180,14
95,143,14
96,181,876
96,39,876
96,181,877
96,39,877
96,181,846
96,39,846
96,181,878
96,39,878
96,181,879
96,39,879
96,181,880
96,39,880
96,181,881
96,39,881
96,181,882
96,39,882
96,181,883
96,39,883
96,181,854
96,39,854
96,181,626
96,39,626
96,181,884
96,39,884
96,181,885
96,39,885
96,181,886
96,39,886
96,181,32
96,39,32
96,181,31
96,39,31
96,181,12
96,39,12
96,181,13
96,39,13
96,181,14
96,39,14
97,182,887
97,183,887
97,182,888
97,183,888
97,182,542
97,183,542
97,182,889
97,183,889
97,182,890
97,183,890
97,182,891
97,183,891
97,182,549
97,183,549
97,182,892
97,183,892
97,182,890
97,183,890
97,182,893
97,183,893
97,182,894
97,183,894
97,182,888
97,183,888
97,182,32
97,183,32
97,182,31
97,183,31
97,182,12
97,183,12
97,182,13
97,183,13
97,182,14
97,183,14
98,184,32
98,184,12
98,184,13
98,184,14
99,137,369
99,185,369
99,137,895
99,185,895
99,137,896
99,185,896
99,137,897
99,185,897
99,137,898
99,185,898
99,137,899
99,185,899
99,137,32
99,185,32
99,137,31
99,185,31
99,137,12
99,185,12
99,137,13
99,185,13
99,137,14
99,185,14
100,186,900
100,186,901
100,186,902
100,186,903
100,186,904
100,186,905
100,186,906
100,186,907
100,186,150
100,186,327
100,186,471
100,186,908
100,186,32
100,186,12
100,186,13
100,186,14
101,187,909
101,187,910
101,187,911
101,187,912
101,187,913
101,187,914
101,187,915
101,187,916
101,187,31
101,187,225
101,187,12
101,187,13
101,187,14
102,188,32
102,188,12
102,188,34
102,188,14
103,189,917
103,190,917
103,189,918
103,190,918
103,189,919
103,190,919
103,189,917
103,190,917
103,189,920
103,190,920
103,189,921
103,190,921
103,189,32
103,190,32
103,189,33
103,190,33
103,189,34
103,190,34
103,189,14
103,190,14
104,191,922
104,113,922
104,191,923
104,113,923
104,191,924
104,113,924
104,191,925
104,113,925
104,191,926
104,113,926
104,191,912
104,113,912
104,191,927
104,113,927
104,191,928
104,113,928
104,191,923
104,113,923
104,191,929
104,113,929
104,191,925
104,113,925
104,191,31
104,113,31
104,191,12
104,113,12
104,191,13
104,113,13
104,191,14
104,113,14
105,42,65
105,41,65
105,43,65
105,42,718
105,41,718
105,43,718
105,42,170
105,41,170
105,43,170
105,42,169
105,41,169
105,43,169
105,42,172
105,41,172
105,43,172
105,42,930
105,41,930
105,43,930
105,42,178
105,41,178
105,43,178
105,42,66
105,41,66
105,43,66
105,42,931
105,41,931
105,43,931
105,42,169
105,41,169
105,43,169
105,42,177
105,41,177
105,43,177
105,42,718
105,41,718
105,43,718
105,42,32
105,41,32
105,43,32
105,42,12
105,41,12
105,43,12
105,42,13
105,41,13
105,43,13
105,42,14
105,41,14
105,43,14
106,192,932
106,192,933
106,192,934
106,192,228
106,192,935
106,192,936
106,192,937
106,192,517
106,192,32
106,192,31
106,192,276
106,192,12
106,192,13
106,192,14
107,155,938
107,193,938
107,155,939
107,193,939
107,155,940
107,193,940
107,155,941
107,193,941
107,155,942
107,193,942
107,155,943
107,193,943
107,155,944
107,193,944
107,155,945
107,193,945
107,155,46
107,193,46
107,155,946
107,193,946
107,155,947
107,193,947
107,155,32
107,193,32
107,155,31
107,193,31
107,155,12
107,193,12
107,155,13
107,193,13
107,155,14
107,193,14
108,142,948
108,194,948
108,195,948
108,142,121
108,194,121
108,195,121
108,142,641
108,194,641
108,195,641
108,142,740
108,194,740
108,195,740
108,142,949
108,194,949
108,195,949
108,142,950
108,194,950
108,195,950
108,142,951
108,194,951
108,195,951
108,142,413
108,194,413
108,195,413
108,142,126
108,194,126
108,195,126
108,142,744
108,194,744
108,195,744
108,142,949
108,194,949
108,195,949
108,142,147
108,194,147
108,195,147
108,142,952
108,194,952
108,195,952
108,142,345
108,194,345
108,195,345
108,142,953
108,194,953
108,195,953
108,142,641
108,194,641
108,195,641
108,142,32
108,194,32
108,195,32
108,142,12
108,194,12
108,195,12
108,142,13
108,194,13
108,195,13
108,142,14
108,194,14
108,195,14
109,196,926
109,118,926
109,196,954
109,118,954
109,196,955
109,118,955
109,196,460
109,118,460
109,196,955
109,118,955
109,196,956
109,118,956
109,196,490
109,118,490
109,196,957
109,118,957
109,196,927
109,118,927
109,196,460
109,118,460
109,196,275
109,118,275
109,196,32
109,118,32
109,196,12
109,118,12
109,196,13
109,118,13
109,196,14
109,118,14
110,3,385
110,197,385
110,5,385
110,8,385
110,6,385
110,198,385
110,199,385
110,200,385
110,4,385
110,3,32
110,197,32
110,5,32
110,8,32
110,6,32
110,198,32
110,199,32
110,200,32
110,4,32
110,3,12
110,197,12
110,5,12
110,8,12
110,6,12
110,198,12
110,199,12
110,200,12
110,4,12
110,3,34
110,197,34
110,5,34
110,8,34
110,6,34
110,198,34
110,199,34
110,200,34
110,4,34
110,3,35
110,197,35
110,5,35
110,8,35
110,6,35
110,198,35
110,199,35
110,200,35
110,4,35
111,41,958
111,43,958
111,201,958
111,41,718
111,43,718
111,201,718
111,41,959
111,43,959
111,201,959
111,41,960
111,43,960
111,201,960
111,41,142
111,43,142
111,201,142
111,41,961
111,43,961
111,201,961
111,41,169
111,43,169
111,201,169
111,41,962
111,43,962
111,201,962
111,41,963
111,43,963
111,201,963
111,41,964
111,43,964
111,201,964
111,41,965
111,43,965
111,201,965
111,41,471
111,43,471
111,201,471
111,41,170
111,43,170
111,201,170
111,41,172
111,43,172
111,201,172
111,41,169
111,43,169
111,201,169
111,41,962
111,43,962
111,201,962
111,41,963
111,43,963
111,201,963
111,41,177
111,43,177
111,201,177
111,41,964
111,43,964
111,201,964
111,41,965
111,43,965
111,201,965
111,41,471
111,43,471
111,201,471
111,41,178
111,43,178
111,201,178
111,41,744
111,43,744
111,201,744
111,41,958
111,43,958
111,201,958
111,41,142
111,43,142
111,201,142
111,41,960
111,43,960
111,201,960
111,41,966
111,43,966
111,201,966
111,41,718
111,43,718
111,201,718
111,41,32
111,43,32
111,201,32
111,41,12
111,43,12
111,201,12
111,41,13
111,43,13
111,201,13
111,41,14
111,43,14
111,201,14
112,202,170
112,203,170
112,202,967
112,203,967
112,202,968
112,203,968
112,202,969
112,203,969
112,202,970
112,203,970
112,202,971
112,203,971
112,202,972
112,203,972
112,202,973
112,203,973
112,202,974
112,203,974
112,202,32
112,203,32
112,202,12
112,203,12
112,202,13
112,203,13
112,202,14
112,203,14
113,204,975
113,204,976
113,204,977
113,204,978
113,204,979
113,204,979
113,204,980
113,204,981
113,204,982
113,204,983
113,204,32
113,204,12
113,204,34
113,204,14
114,205,984
114,206,984
114,207,984
114,208,984
114,209,984
114,210,984
114,205,985
114,206,985
114,207,985
114,208,985
114,209,985
114,210,985
114,205,986
114,206,986
114,207,986
114,208,986
114,209,986
114,210,986
114,205,987
114,206,987
114,207,987
114,208,987
114,209,987
114,210,987
114,205,988
114,206,988
114,207,988
114,208,988
114,209,988
114,210,988
114,205,989
114,206,989
114,207,989
114,208,989
114,209,989
114,210,989
114,205,404
114,206,404
114,207,404
114,208,404
114,209,404
114,210,404
114,205,32
114,206,32
114,207,32
114,208,32
114,209,32
114,210,32
114,205,12
114,206,12
114,207,12
114,208,12
114,209,12
114,210,12
114,205,13
114,206,13
114,207,13
114,208,13
114,209,13
114,210,13
114,205,14
114,206,14
114,207,14
114,208,14
114,209,14
114,210,14
115,211,32
115,211,12
115,211,34
115,211,14
116,212,990
116,212,991
116,212,992
116,212,993
116,212,994
116,212,995
116,212,992
116,212,996
116,212,997
116,212,998
116,212,71
116,212,999
116,212,9
116,212,1000
116,212,32
116,212,31
116,212,12
116,212,13
116,212,14
117,129,1001
117,129,1002
117,129,1003
117,129,1004
117,129,1005
117,129,1006
117,129,1007
117,129,1008
117,129,10
117,129,404
117,129,1009
117,129,71
117,129,1010
117,129,9
117,129,12
117,129,13
117,129,14
118,104,1011
118,213,1011
118,103,1011
118,104,608
118,213,608
118,103,608
118,104,1012
118,213,1012
118,103,1012
118,104,413
118,213,413
118,103,413
118,104,1011
118,213,1011
118,103,1011
118,104,147
118,213,147
118,103,147
118,104,1013
118,213,1013
118,103,1013
118,104,1014
118,213,1014
118,103,1014
118,104,345
118,213,345
118,103,345
118,104,31
118,213,31
118,103,31
118,104,12
118,213,12
118,103,12
118,104,13
118,213,13
118,103,13
118,104,14
118,213,14
118,103,14
119,214,1015
119,215,1015
119,214,1016
119,215,1016
119,214,1017
119,215,1017
119,214,330
119,215,330
119,214,1018
119,215,1018
119,214,1019
119,215,1019
119,214,1020
119,215,1020
119,214,856
119,215,856
119,214,147
119,215,147
119,214,1021
119,215,1021
119,214,1022
119,215,1022
119,214,31
119,215,31
119,214,12
119,215,12
119,214,13
119,215,13
119,214,14
119,215,14
120,216,576
120,217,576
120,218,576
120,219,576
120,220,576
120,221,576
120,216,1023
120,217,1023
120,218,1023
120,219,1023
120,220,1023
120,221,1023
120,216,510
120,217,510
120,218,510
120,219,510
120,220,510
120,221,510
120,216,1024
120,217,1024
120,218,1024
120,219,1024
120,220,1024
120,221,1024
120,216,1025
120,217,1025
120,218,1025
120,219,1025
120,220,1025
120,221,1025
120,216,1026
120,217,1026
120,218,1026
120,219,1026
120,220,1026
120,221,1026
120,216,586
120,217,586
120,218,586
120,219,586
120,220,586
120,221,586
120,216,1027
120,217,1027
120,218,1027
120,219,1027
120,220,1027
120,221,1027
120,216,1028
120,217,1028
120,218,1028
120,219,1028
120,220,1028
120,221,1028
120,216,510
120,217,510
120,218,510
120,219,510
120,220,510
120,221,510
120,216,1029
120,217,1029
120,218,1029
120,219,1029
120,220,1029
120,221,1029
120,216,1025
120,217,1025
120,218,1025
120,219,1025
120,220,1025
120,221,1025
120,216,1030
120,217,1030
120,218,1030
120,219,1030
120,220,1030
120,221,1030
120,216,72
120,217,72
120,218,72
120,219,72
120,220,72
120,221,72
120,216,32
120,217,32
120,218,32
120,219,32
120,220,32
120,221,32
120,216,12
120,217,12
120,218,12
120,219,12
120,220,12
120,221,12
120,216,34
120,217,34
120,218,34
120,219,34
120,220,34
120,221,34
120,216,14
120,217,14
120,218,14
120,219,14
120,220,14
120,221,14
121,187,142
121,187,1031
121,187,1032
121,187,1033
121,187,1034
121,187,31
121,187,225
121,187,12
121,187,13
121,187,14
122,222,463
122,223,463
122,224,463
122,222,1035
122,223,1035
122,224,1035
122,222,1036
122,223,1036
122,224,1036
122,222,1037
122,223,1037
122,224,1037
122,222,774
122,223,774
122,224,774
122,222,608
122,223,608
122,224,608
122,222,147
122,223,147
122,224,147
122,222,463
122,223,463
122,224,463
122,222,782
122,223,782
122,224,782
122,222,1038
122,223,1038
122,224,1038
122,222,1039
122,223,1039
122,224,1039
122,222,1040
122,223,1040
122,224,1040
122,222,32
122,223,32
122,224,32
122,222,12
122,223,12
122,224,12
122,222,34
122,223,34
122,224,34
122,222,14
122,223,14
122,224,14
123,225,1041
123,226,1041
123,227,1041
123,225,1042
123,226,1042
123,227,1042
123,225,1043
123,226,1043
123,227,1043
123,225,1044
123,226,1044
123,227,1044
123,225,466
123,226,466
123,227,466
123,225,1045
123,226,1045
123,227,1045
123,225,1046
123,226,1046
123,227,1046
123,225,1047
123,226,1047
123,227,1047
123,225,466
123,226,466
123,227,466
123,225,1048
123,226,1048
123,227,1048
123,225,1049
123,226,1049
123,227,1049
123,225,1050
123,226,1050
123,227,1050
123,225,32
123,226,32
123,227,32
123,225,12
123,226,12
123,227,12
123,225,34
123,226,34
123,227,34
123,225,14
123,226,14
123,227,14
124,48,1051
124,84,1051
124,83,1051
124,82,1051
124,48,1052
124,84,1052
124,83,1052
124,82,1052
124,48,1053
124,84,1053
124,83,1053
124,82,1053
124,48,1054
124,84,1054
124,83,1054
124,82,1054
124,48,1055
124,84,1055
124,83,1055
124,82,1055
124,48,1056
124,84,1056
124,83,1056
124,82,1056
124,48,1057
124,84,1057
124,83,1057
124,82,1057
124,48,1058
124,84,1058
124,83,1058
124,82,1058
124,48,1059
124,84,1059
124,83,1059
124,82,1059
124,48,1060
124,84,1060
124,83,1060
124,82,1060
124,48,31
124,84,31
124,83,31
124,82,31
124,48,12
124,84,12
124,83,12
124,82,12
124,48,13
124,84,13
124,83,13
124,82,13
124,48,14
124,84,14
124,83,14
124,82,14
125,228,1061
125,229,1061
125,230,1061
125,231,1061
125,232,1061
125,233,1061
125,228,1062
125,229,1062
125,230,1062
125,231,1062
125,232,1062
125,233,1062
125,228,1063
125,229,1063
125,230,1063
125,231,1063
125,232,1063
125,233,1063
125,228,1064
125,229,1064
125,230,1064
125,231,1064
125,232,1064
125,233,1064
125,228,1065
125,229,1065
125,230,1065
125,231,1065
125,232,1065
125,233,1065
125,228,1065
125,229,1065
125,230,1065
125,231,1065
125,232,1065
125,233,1065
125,228,1066
125,229,1066
125,230,1066
125,231,1066
125,232,1066
125,233,1066
125,228,1067
125,229,1067
125,230,1067
125,231,1067
125,232,1067
125,233,1067
125,228,1068
125,229,1068
125,230,1068
125,231,1068
125,232,1068
125,233,1068
125,228,1064
125,229,1064
125,230,1064
125,231,1064
125,232,1064
125,233,1064
125,228,32
125,229,32
125,230,32
125,231,32
125,232,32
125,233,32
125,228,12
125,229,12
125,230,12
125,231,12
125,232,12
125,233,12
125,228,13
125,229,13
125,230,13
125,231,13
125,232,13
125,233,13
125,228,14
125,229,14
125,230,14
125,231,14
125,232,14
125,233,14
126,234,1069
126,235,1069
126,234,443
126,235,443
126,234,1070
126,235,1070
126,234,197
126,235,197
126,234,1071
126,235,1071
126,234,1072
126,235,1072
126,234,1073
126,235,1073
126,234,1074
126,235,1074
126,234,1075
126,235,1075
126,234,1076
126,235,1076
126,234,428
126,235,428
126,234,1077
126,235,1077
126,234,1078
126,235,1078
126,234,1079
126,235,1079
126,234,1080
126,235,1080
126,234,1081
126,235,1081
126,234,1082
126,235,1082
126,234,211
126,235,211
126,234,1083
126,235,1083
126,234,447
126,235,447
126,234,45
126,235,45
126,234,32
126,235,32
126,234,31
126,235,31
126,234,12
126,235,12
126,234,13
126,235,13
126,234,14
126,235,14
127,236,1084
127,236,1085
127,236,1086
127,236,1087
127,236,1088
127,236,1089
127,236,1090
127,236,1091
127,236,1085
127,236,1087
127,236,1088
127,236,1089
127,236,1090
127,236,1091
127,236,1084
127,236,1086
127,236,32
127,236,12
127,236,34
127,236,14
128,237,1092
128,40,1092
128,6,1092
128,237,1093
128,40,1093
128,6,1093
128,237,1094
128,40,1094
128,6,1094
128,237,1095
128,40,1095
128,6,1095
128,237,1096
128,40,1096
128,6,1096
128,237,584
128,40,584
128,6,584
128,237,1056
128,40,1056
128,6,1056
128,237,1097
128,40,1097
128,6,1097
128,237,48
128,40,48
128,6,48
128,237,1098
128,40,1098
128,6,1098
128,237,32
128,40,32
128,6,32
128,237,12
128,40,12
128,6,12
128,237,13
128,40,13
128,6,13
128,237,14
128,40,14
128,6,14
129,62,1099
129,62,1100
129,62,1101
129,62,1102
129,62,1103
129,62,1104
129,62,319
129,62,1105
129,62,1106
129,62,1107
129,62,1099
129,62,1108
129,62,32
129,62,31
129,62,12
129,62,13
129,62,14
130,50,1109
130,51,1109
130,50,661
130,51,661
130,50,1110
130,51,1110
130,50,1111
130,51,1111
130,50,1112
130,51,1112
130,50,1113
130,51,1113
130,50,1114
130,51,1114
130,50,1111
130,51,1111
130,50,1115
130,51,1115
130,50,668
130,51,668
130,50,32
130,51,32
130,50,12
130,51,12
130,50,13
130,51,13
130,50,14
130,51,14
131,238,161
131,239,161
131,238,1116
131,239,1116
131,238,1117
131,239,1117
131,238,1118
131,239,1118
131,238,1119
131,239,1119
131,238,1120
131,239,1120
131,238,1121
131,239,1121
131,238,349
131,239,349
131,238,1122
131,239,1122
131,238,1123
131,239,1123
131,238,1124
131,239,1124
131,238,1117
131,239,1117
131,238,1125
131,239,1125
131,238,1126
131,239,1126
131,238,32
131,239,32
131,238,12
131,239,12
131,238,13
131,239,13
131,238,14
131,239,14
132,9,1127
132,175,1127
132,9,1128
132,175,1128
132,9,1129
132,175,1129
132,9,1130
132,175,1130
132,9,1131
132,175,1131
132,9,413
132,175,413
132,9,42
132,175,42
132,9,1132
132,175,1132
132,9,1133
132,175,1133
132,9,37
132,175,37
132,9,1134
132,175,1134
132,9,42
132,175,42
132,9,1132
132,175,1132
132,9,1135
132,175,1135
132,9,1136
132,175,1136
132,9,1137
132,175,1137
132,9,32
132,175,32
132,9,12
132,175,12
132,9,13
132,175,13
132,9,14
132,175,14
133,240,1138
133,240,1139
133,240,1140
133,240,1141
133,240,1142
133,240,1138
133,240,1143
133,240,1144
133,240,1141
133,240,1145
133,240,32
133,240,12
133,240,13
133,240,14
134,241,1146
134,242,1146
134,241,1147
134,242,1147
134,241,1148
134,242,1148
134,241,1149
134,242,1149
134,241,1150
134,242,1150
134,241,1151
134,242,1151
134,241,1152
134,242,1152
134,241,1153
134,242,1153
134,241,1154
134,242,1154
134,241,110
134,242,110
134,241,1155
134,242,1155
134,241,32
134,242,32
134,241,31
134,242,31
134,241,12
134,242,12
134,241,13
134,242,13
134,241,14
134,242,14
135,3,32
135,243,32
135,3,12
135,243,12
135,3,34
135,243,34
135,3,1156
135,243,1156
136,5,31
136,154,31
136,3,31
136,4,31
136,5,12
136,154,12
136,3,12
136,4,12
136,5,34
136,154,34
136,3,34
136,4,34
136,5,35
136,154,35
136,3,35
136,4,35
137,244,774
137,41,774
137,244,169
137,41,169
137,244,471
137,41,471
137,244,965
137,41,965
137,244,1157
137,41,1157
137,244,926
137,41,926
137,244,1158
137,41,1158
137,244,1159
137,41,1159
137,244,782
137,41,782
137,244,927
137,41,927
137,244,1160
137,41,1160
137,244,965
137,41,965
137,244,471
137,41,471
137,244,169
137,41,169
137,244,32
137,41,32
137,244,12
137,41,12
137,244,13
137,41,13
137,244,14
137,41,14
138,245,1161
138,246,1161
138,245,542
138,246,542
138,245,1162
138,246,1162
138,245,161
138,246,161
138,245,556
138,246,556
138,245,1163
138,246,1163
138,245,1164
138,246,1164
138,245,549
138,246,549
138,245,1165
138,246,1165
138,245,1166
138,246,1166
138,245,1167
138,246,1167
138,245,1164
138,246,1164
138,245,1168
138,246,1168
138,245,32
138,246,32
138,245,31
138,246,31
138,245,12
138,246,12
138,245,13
138,246,13
138,245,14
138,246,14
139,247,813
139,247,1169
139,247,99
139,247,485
139,247,344
139,247,1170
139,247,105
139,247,495
139,247,32
139,247,31
139,247,12
139,247,13
139,247,14
140,248,1171
140,248,1172
140,248,1173
140,248,1174
140,248,1175
140,248,1176
140,248,1177
140,248,586
140,248,1178
140,248,1179
140,248,1180
140,248,1181
140,248,1182
140,248,1183
140,248,1184
140,248,1185
140,248,586
140,248,1186
140,248,1179
140,248,1187
140,248,1188
140,248,1189
140,248,1190
140,248,1191
140,248,789
140,248,1192
140,248,32
140,248,12
140,248,34
140,248,14
141,156,1193
141,156,1194
141,156,786
141,156,1195
141,156,1196
141,156,1197
141,156,1198
141,156,1199
141,156,1200
141,156,1201
141,156,56
141,156,1202
141,156,32
141,156,12
141,156,13
141,156,14
142,111,170
142,112,170
142,111,1203
142,112,1203
142,111,61
142,112,61
142,111,610
142,112,610
142,111,1204
142,112,1204
142,111,1205
142,112,1205
142,111,1206
142,112,1206
142,111,228
142,112,228
142,111,70
142,112,70
142,111,1207
142,112,1207
142,111,1204
142,112,1204
142,111,1208
142,112,1208
142,111,1209
142,112,1209
142,111,517
142,112,517
142,111,177
142,112,177
142,111,1210
142,112,1210
142,111,32
142,112,32
142,111,31
142,112,31
142,111,12
142,112,12
142,111,13
142,112,13
142,111,14
142,112,14
143,249,1211
143,249,1212
143,249,1213
143,249,1214
143,249,1215
143,249,1216
143,249,1217
143,249,576
143,249,517
143,249,1218
143,249,1219
143,249,1216
143,249,1220
143,249,586
143,249,1221
143,249,1222
143,249,32
143,249,12
143,249,13
143,249,14
144,250,1223
144,250,1224
144,250,334
144,250,1225
144,250,1213
144,250,1226
144,250,1227
144,250,1228
144,250,1229
144,250,1230
144,250,1231
144,250,1232
144,250,32
144,250,31
144,250,12
144,250,13
144,250,14
145,251,1233
145,251,1234
145,251,42
145,251,1235
145,251,1236
145,251,1237
145,251,1238
145,251,1239
145,251,32
145,251,31
145,251,12
145,251,13
145,251,14
146,252,1240
146,252,1241
146,252,1242
146,252,1243
146,252,1244
146,252,1245
146,252,1246
146,252,1247
146,252,1248
146,252,1106
146,252,1249
146,252,31
146,252,10
146,252,12
146,252,13
146,252,14
147,253,1250
147,254,1250
147,255,1250
147,154,1250
147,253,1244
147,254,1244
147,255,1244
147,154,1244
147,253,1251
147,254,1251
147,255,1251
147,154,1251
147,253,1252
147,254,1252
147,255,1252
147,154,1252
147,253,121
147,254,121
147,255,121
147,154,121
147,253,1120
147,254,1120
147,255,1120
147,154,1120
147,253,1253
147,254,1253
147,255,1253
147,154,1253
147,253,839
147,254,839
147,255,839
147,154,839
147,253,1254
147,254,1254
147,255,1254
147,154,1254
147,253,1255
147,254,1255
147,255,1255
147,154,1255
147,253,1256
147,254,1256
147,255,1256
147,154,1256
147,253,1257
147,254,1257
147,255,1257
147,154,1257
147,253,1258
147,254,1258
147,255,1258
147,154,1258
147,253,1122
147,254,1122
147,255,1122
147,154,1122
147,253,1259
147,254,1259
147,255,1259
147,154,1259
147,253,836
147,254,836
147,255,836
147,154,836
147,253,1260
147,254,1260
147,255,1260
147,154,1260
147,253,1261
147,254,1261
147,255,1261
147,154,1261
147,253,1262
147,254,1262
147,255,1262
147,154,1262
147,253,32
147,254,32
147,255,32
147,154,32
147,253,12
147,254,12
147,255,12
147,154,12
147,253,13
147,254,13
147,255,13
147,154,13
147,253,14
147,254,14
147,255,14
147,154,14
148,256,1263
148,257,1263
148,256,1264
148,257,1264
148,256,1265
148,257,1265
148,256,584
148,257,584
148,256,1056
148,257,1056
148,256,1266
148,257,1266
148,256,1267
148,257,1267
148,256,652
148,257,652
148,256,577
148,257,577
148,256,1051
148,257,1051
148,256,32
148,257,32
148,256,12
148,257,12
148,256,13
148,257,13
148,256,14
148,257,14
149,258,131
149,258,1268
149,258,1269
149,258,1270
149,258,1271
149,258,1272
149,258,524
149,258,131
149,258,31
149,258,12
149,258,13
149,258,14
150,181,1273
150,6,1273
150,181,1274
150,6,1274
150,181,159
150,6,159
150,181,608
150,6,608
150,181,979
150,6,979
150,181,1275
150,6,1275
150,181,147
150,6,147
150,181,1276
150,6,1276
150,181,385
150,6,385
150,181,886
150,6,886
150,181,167
150,6,167
150,181,1277
150,6,1277
150,181,32
150,6,32
150,181,649
150,6,649
150,181,1278
150,6,1278
150,181,31
150,6,31
150,181,12
150,6,12
150,181,13
150,6,13
150,181,14
150,6,14
151,8,1279
151,259,1279
151,260,1279
151,261,1279
151,8,1280
151,259,1280
151,260,1280
151,261,1280
151,8,1281
151,259,1281
151,260,1281
151,261,1281
151,8,1282
151,259,1282
151,260,1282
151,261,1282
151,8,1283
151,259,1283
151,260,1283
151,261,1283
151,8,1284
151,259,1284
151,260,1284
151,261,1284
151,8,1285
151,259,1285
151,260,1285
151,261,1285
151,8,1286
151,259,1286
151,260,1286
151,261,1286
151,8,1287
151,259,1287
151,260,1287
151,261,1287
151,8,1288
151,259,1288
151,260,1288
151,261,1288
151,8,1289
151,259,1289
151,260,1289
151,261,1289
151,8,1290
151,259,1290
151,260,1290
151,261,1290
151,8,32
151,259,32
151,260,32
151,261,32
151,8,12
151,259,12
151,260,12
151,261,12
151,8,13
151,259,13
151,260,13
151,261,13
151,8,14
151,259,14
151,260,14
151,261,14
152,262,1291
152,263,1291
152,5,1291
152,262,1292
152,263,1292
152,5,1292
152,262,1293
152,263,1293
152,5,1293
152,262,1294
152,263,1294
152,5,1294
152,262,1295
152,263,1295
152,5,1295
152,262,1296
152,263,1296
152,5,1296
152,262,1297
152,263,1297
152,5,1297
152,262,1298
152,263,1298
152,5,1298
152,262,1292
152,263,1292
152,5,1292
152,262,1291
152,263,1291
152,5,1291
152,262,31
152,263,31
152,5,31
152,262,12
152,263,12
152,5,12
152,262,13
152,263,13
152,5,13
152,262,14
152,263,14
152,5,14
153,1,1299
153,264,1299
153,1,542
153,264,542
153,1,463
153,264,463
153,1,1300
153,264,1300
153,1,599
153,264,599
153,1,1301
153,264,1301
153,1,1302
153,264,1302
153,1,1303
153,264,1303
153,1,1304
153,264,1304
153,1,418
153,264,418
153,1,463
153,264,463
153,1,549
153,264,549
153,1,32
153,264,32
153,1,12
153,264,12
153,1,13
153,264,13
153,1,14
153,264,14
154,265,1305
154,265,1306
154,265,1307
154,265,1308
154,265,1309
154,265,1310
154,265,1311
154,265,1312
154,265,1313
154,265,1314
154,265,32
154,265,12
154,265,13
154,265,14
155,266,1315
155,267,1315
155,266,1316
155,267,1316
155,266,1317
155,267,1317
155,266,1318
155,267,1318
155,266,1319
155,267,1319
155,266,1320
155,267,1320
155,266,1321
155,267,1321
155,266,1322
155,267,1322
155,266,1323
155,267,1323
155,266,1324
155,267,1324
155,266,409
155,267,409
155,266,31
155,267,31
155,266,12
155,267,12
155,266,13
155,267,13
155,266,14
155,267,14
156,268,1325
156,268,283
156,268,616
156,268,876
156,268,1326
156,268,622
156,268,882
156,268,1325
156,268,1327
156,268,1328
156,268,31
156,268,12
156,268,13
156,268,14
157,269,1329
157,219,1329
157,270,1329
157,269,1330
157,219,1330
157,270,1330
157,269,1331
157,219,1331
157,270,1331
157,269,586
157,219,586
157,270,586
157,269,1332
157,219,1332
157,270,1332
157,269,1333
157,219,1333
157,270,1333
157,269,1334
157,219,1334
157,270,1334
157,269,1335
157,219,1335
157,270,1335
157,269,586
157,219,586
157,270,586
157,269,1330
157,219,1330
157,270,1330
157,269,1302
157,219,1302
157,270,1302
157,269,1336
157,219,1336
157,270,1336
157,269,1337
157,219,1337
157,270,1337
157,269,1338
157,219,1338
157,270,1338
157,269,1339
157,219,1339
157,270,1339
157,269,1332
157,219,1332
157,270,1332
157,269,72
157,219,72
157,270,72
157,269,32
157,219,32
157,270,32
157,269,33
157,219,33
157,270,33
157,269,34
157,219,34
157,270,34
157,269,14
157,219,14
157,270,14
158,64,1340
158,64,1341
158,64,1342
158,64,901
158,64,1343
158,64,1344
158,64,1345
158,64,1346
158,64,288
158,64,1347
158,64,330
158,64,1348
158,64,1349
158,64,1350
158,64,1351
158,64,1345
158,64,1344
158,64,288
158,64,1352
158,64,342
158,64,1353
158,64,905
158,64,1354
158,64,335
158,64,963
158,64,1355
158,64,836
158,64,1356
158,64,226
158,64,32
158,64,31
158,64,12
158,64,13
158,64,14
159,271,1357
159,271,1358
159,271,1359
159,271,360
159,271,1360
159,271,1360
159,271,1361
159,271,1362
159,271,1363
159,271,1364
159,271,32
159,271,31
159,271,12
159,271,13
159,271,14
160,110,1365
160,272,1365
160,110,1366
160,272,1366
160,110,1367
160,272,1367
160,110,1368
160,272,1368
160,110,31
160,272,31
160,110,12
160,272,12
160,110,13
160,272,13
160,110,14
160,272,14
161,48,1369
161,48,1370
161,48,586
161,48,673
161,48,1371
161,48,586
161,48,1370
161,48,1372
161,48,32
161,48,12
161,48,13
161,48,14
162,273,1373
162,251,1373
162,273,1374
162,251,1374
162,273,218
162,251,218
162,273,912
162,251,912
162,273,454
162,251,454
162,273,223
162,251,223
162,273,1375
162,251,1375
162,273,1376
162,251,1376
162,273,31
162,251,31
162,273,12
162,251,12
162,273,13
162,251,13
162,273,14
162,251,14
163,274,1377
163,48,1377
163,274,1378
163,48,1378
163,274,862
163,48,862
163,274,121
163,48,121
163,274,1379
163,48,1379
163,274,1380
163,48,1380
163,274,912
163,48,912
163,274,219
163,48,219
163,274,1381
163,48,1381
163,274,1382
163,48,1382
163,274,413
163,48,413
163,274,1383
163,48,1383
163,274,1384
163,48,1384
163,274,1385
163,48,1385
163,274,460
163,48,460
163,274,345
163,48,345
163,274,1386
163,48,1386
163,274,1387
163,48,1387
163,274,1388
163,48,1388
163,274,1389
163,48,1389
163,274,1390
163,48,1390
163,274,1391
163,48,1391
163,274,1392
163,48,1392
163,274,1393
163,48,1393
163,274,1394
163,48,1394
163,274,875
163,48,875
163,274,1395
163,48,1395
163,274,1396
163,48,1396
163,274,1397
163,48,1397
163,274,224
163,48,224
163,274,31
163,48,31
163,274,12
163,48,12
163,274,13
163,48,13
163,274,14
163,48,14
164,45,122
164,275,122
164,45,1398
164,275,1398
164,45,1399
164,275,1399
164,45,1400
164,275,1400
164,45,626
164,275,626
164,45,1401
164,275,1401
164,45,1402
164,275,1402
164,45,165
164,275,165
164,45,1403
164,275,1403
164,45,1404
164,275,1404
164,45,32
164,275,32
164,45,31
164,275,31
164,45,12
164,275,12
164,45,13
164,275,13
164,45,14
164,275,14
165,276,737
165,277,737
165,278,737
165,279,737
165,276,1405
165,277,1405
165,278,1405
165,279,1405
165,276,1406
165,277,1406
165,278,1406
165,279,1406
165,276,1407
165,277,1407
165,278,1407
165,279,1407
165,276,1408
165,277,1408
165,278,1408
165,279,1408
165,276,1409
165,277,1409
165,278,1409
165,279,1409
165,276,737
165,277,737
165,278,737
165,279,737
165,276,1410
165,277,1410
165,278,1410
165,279,1410
165,276,1411
165,277,1411
165,278,1411
165,279,1411
165,276,32
165,277,32
165,278,32
165,279,32
165,276,12
165,277,12
165,278,12
165,279,12
165,276,34
165,277,34
165,278,34
165,279,34
165,276,14
165,277,14
165,278,14
165,279,14
166,280,1412
166,281,1412
166,282,1412
166,283,1412
166,280,1413
166,281,1413
166,282,1413
166,283,1413
166,280,1251
166,281,1251
166,282,1251
166,283,1251
166,280,1414
166,281,1414
166,282,1414
166,283,1414
166,280,466
166,281,466
166,282,466
166,283,466
166,280,466
166,281,466
166,282,466
166,283,466
166,280,1415
166,281,1415
166,282,1415
166,283,1415
166,280,1416
166,281,1416
166,282,1416
166,283,1416
166,280,1256
166,281,1256
166,282,1256
166,283,1256
166,280,1417
166,281,1417
166,282,1417
166,283,1417
166,280,717
166,281,717
166,282,717
166,283,717
166,280,32
166,281,32
166,282,32
166,283,32
166,280,225
166,281,225
166,282,225
166,283,225
166,280,12
166,281,12
166,282,12
166,283,12
166,280,34
166,281,34
166,282,34
166,283,34
166,280,14
166,281,14
166,282,14
166,283,14
167,284,1418
167,285,1418
167,23,1418
167,284,1419
167,285,1419
167,23,1419
167,284,1420
167,285,1420
167,23,1420
167,284,1421
167,285,1421
167,23,1421
167,284,1422
167,285,1422
167,23,1422
167,284,1423
167,285,1423
167,23,1423
167,284,32
167,285,32
167,23,32
167,284,12
167,285,12
167,23,12
167,284,13
167,285,13
167,23,13
167,284,14
167,285,14
167,23,14
168,80,1424
168,286,1424
168,23,1424
168,285,1424
168,80,406
168,286,406
168,23,406
168,285,406
168,80,1425
168,286,1425
168,23,1425
168,285,1425
168,80,104
168,286,104
168,23,104
168,285,104
168,80,1426
168,286,1426
168,23,1426
168,285,1426
168,80,412
168,286,412
168,23,412
168,285,412
168,80,1154
168,286,1154
168,23,1154
168,285,1154
168,80,110
168,286,110
168,23,110
168,285,110
168,80,32
168,286,32
168,23,32
168,285,32
168,80,12
168,286,12
168,23,12
168,285,12
168,80,13
168,286,13
168,23,13
168,285,13
168,80,14
168,286,14
168,23,14
168,285,14
169,287,1427
169,288,1427
169,289,1427
169,287,1428
169,288,1428
169,289,1428
169,287,1429
169,288,1429
169,289,1429
169,287,1430
169,288,1430
169,289,1430
169,287,862
169,288,862
169,289,862
169,287,1431
169,288,1431
169,289,1431
169,287,1432
169,288,1432
169,289,1432
169,287,1433
169,288,1433
169,289,1433
169,287,875
169,288,875
169,289,875
169,287,1434
169,288,1434
169,289,1434
169,287,1435
169,288,1435
169,289,1435
169,287,1436
169,288,1436
169,289,1436
169,287,32
169,288,32
169,289,32
169,287,12
169,288,12
169,289,12
169,287,13
169,288,13
169,289,13
169,287,14
169,288,14
169,289,14
170,290,1437
170,290,939
170,290,253
170,290,1438
170,290,1439
170,290,1440
170,290,1441
170,290,1442
170,290,1443
170,290,1444
170,290,256
170,290,1445
170,290,32
170,290,12
170,290,13
170,290,14
171,291,32
171,292,32
171,291,12
171,292,12
171,291,13
171,292,13
171,291,14
171,292,14
172,293,1446
172,294,1446
172,293,1447
172,294,1447
172,293,1448
172,294,1448
172,293,1449
172,294,1449
172,293,1450
172,294,1450
172,293,0
172,294,0
172,293,1451
172,294,1451
172,293,121
172,294,121
172,293,738
172,294,738
172,293,1452
172,294,1452
172,293,1453
172,294,1453
172,293,349
172,294,349
172,293,1454
172,294,1454
172,293,1455
172,294,1455
172,293,1456
172,294,1456
172,293,1457
172,294,1457
172,293,6
172,294,6
172,293,1458
172,294,1458
172,293,1459
172,294,1459
172,293,742
172,294,742
172,293,31
172,294,31
172,293,12
172,294,12
172,293,13
172,294,13
172,293,14
172,294,14
173,295,1460
173,295,1461
173,295,228
173,295,1462
173,295,1463
173,295,517
173,295,32
173,295,12
173,295,13
173,295,14
174,296,232
174,51,232
174,296,1464
174,51,1464
174,296,1465
174,51,1465
174,296,1466
174,51,1466
174,296,1467
174,51,1467
174,296,1468
174,51,1468
174,296,1469
174,51,1469
174,296,1470
174,51,1470
174,296,1471
174,51,1471
174,296,1472
174,51,1472
174,296,32
174,51,32
174,296,12
174,51,12
174,296,13
174,51,13
174,296,14
174,51,14
175,297,737
175,298,737
175,299,737
175,297,1473
175,298,1473
175,299,1473
175,297,1474
175,298,1474
175,299,1474
175,297,1475
175,298,1475
175,299,1475
175,297,737
175,298,737
175,299,737
175,297,1476
175,298,1476
175,299,1476
175,297,1474
175,298,1474
175,299,1474
175,297,1475
175,298,1475
175,299,1475
175,297,32
175,298,32
175,299,32
175,297,31
175,298,31
175,299,31
175,297,12
175,298,12
175,299,12
175,297,13
175,298,13
175,299,13
175,297,14
175,298,14
175,299,14
176,300,1477
176,300,1120
176,300,1478
176,300,291
176,300,1479
176,300,786
176,300,121
176,300,1480
176,300,1481
176,300,1482
176,300,291
176,300,1483
176,300,1122
176,300,1484
176,300,56
176,300,1485
176,300,1486
176,300,1481
176,300,1487
176,300,126
176,300,1488
176,300,32
176,300,12
176,300,13
176,300,14
177,181,876
177,39,876
177,181,881
177,39,881
177,181,1489
177,39,1489
177,181,846
177,39,846
177,181,882
177,39,882
177,181,1490
177,39,1490
177,181,854
177,39,854
177,181,886
177,39,886
177,181,32
177,39,32
177,181,31
177,39,31
177,181,12
177,39,12
177,181,13
177,39,13
177,181,14
177,39,14
178,301,1491
178,301,1492
178,301,466
178,301,1493
178,301,306
178,301,1494
178,301,471
178,301,1495
178,301,32
178,301,12
178,301,13
178,301,14
179,302,1496
179,303,1496
179,302,726
179,303,726
179,302,1497
179,303,1497
179,302,1138
179,303,1138
179,302,142
179,303,142
179,302,1498
179,303,1498
179,302,730
179,303,730
179,302,1499
179,303,1499
179,302,1500
179,303,1500
179,302,142
179,303,142
179,302,32
179,303,32
179,302,31
179,303,31
179,302,12
179,303,12
179,302,34
179,303,34
179,302,14
179,303,14
180,298,1501
180,297,1501
180,298,1502
180,297,1502
180,298,1503
180,297,1503
180,298,962
180,297,962
180,298,1504
180,297,1504
180,298,1330
180,297,1330
180,298,1501
180,297,1501
180,298,1505
180,297,1505
180,298,1506
180,297,1506
180,298,1330
180,297,1330
180,298,1507
180,297,1507
180,298,1508
180,297,1508
180,298,962
180,297,962
180,298,1509
180,297,1509
180,298,1505
180,297,1505
180,298,32
180,297,32
180,298,31
180,297,31
180,298,12
180,297,12
180,298,13
180,297,13
180,298,14
180,297,14
181,304,1510
181,304,1511
181,304,1512
181,304,1513
181,304,1514
181,304,208
181,304,1515
181,304,1516
181,304,32
181,304,12
181,304,34
181,304,14
182,305,1517
182,306,1517
182,305,1518
182,306,1518
182,305,1519
182,306,1519
182,305,1520
182,306,1520
182,305,1521
182,306,1521
182,305,1521
182,306,1521
182,305,1522
182,306,1522
182,305,907
182,306,907
182,305,1523
182,306,1523
182,305,1524
182,306,1524
182,305,32
182,306,32
182,305,31
182,306,31
182,305,12
182,306,12
182,305,13
182,306,13
182,305,14
182,306,14
183,307,1525
183,23,1525
183,307,1526
183,23,1526
183,307,1527
183,23,1527
183,307,1528
183,23,1528
183,307,1529
183,23,1529
183,307,1530
183,23,1530
183,307,1529
183,23,1529
183,307,1531
183,23,1531
183,307,1532
183,23,1532
183,307,1533
183,23,1533
183,307,1534
183,23,1534
183,307,1535
183,23,1535
183,307,1536
183,23,1536
183,307,32
183,23,32
183,307,12
183,23,12
183,307,13
183,23,13
183,307,14
183,23,14
184,39,1537
184,39,876
184,39,1538
184,39,924
184,39,1101
184,39,929
184,39,893
184,39,882
184,39,1539
184,39,1106
184,39,31
184,39,12
184,39,13
184,39,14
185,3,345
185,8,345
185,5,345
185,154,345
185,4,345
185,259,345
185,3,332
185,8,332
185,5,332
185,154,332
185,4,332
185,259,332
185,3,471
185,8,471
185,5,471
185,154,471
185,4,471
185,259,471
185,3,517
185,8,517
185,5,517
185,154,517
185,4,517
185,259,517
185,3,345
185,8,345
185,5,345
185,154,345
185,4,345
185,259,345
185,3,31
185,8,31
185,5,31
185,154,31
185,4,31
185,259,31
185,3,12
185,8,12
185,5,12
185,154,12
185,4,12
185,259,12
185,3,34
185,8,34
185,5,34
185,154,34
185,4,34
185,259,34
185,3,35
185,8,35
185,5,35
185,154,35
185,4,35
185,259,35
186,12,1540
186,12,1541
186,12,1542
186,12,1374
186,12,1543
186,12,1055
186,12,1544
186,12,1545
186,12,1092
186,12,1546
186,12,1547
186,12,1548
186,12,449
186,12,1549
186,12,1550
186,12,594
186,12,1551
186,12,1552
186,12,1553
186,12,1554
186,12,993
186,12,42
186,12,228
186,12,1555
186,12,517
186,12,1556
186,12,1557
186,12,454
186,12,36
186,12,1558
186,12,1551
186,12,605
186,12,1550
186,12,1559
186,12,1549
186,12,449
186,12,1560
186,12,1561
186,12,1562
186,12,1563
186,12,1564
186,12,1565
186,12,1055
186,12,1566
186,12,1567
186,12,1568
186,12,584
186,12,32
186,12,12
186,12,13
186,12,14
187,194,773
187,195,773
187,153,773
187,194,641
187,195,641
187,153,641
187,194,774
187,195,774
187,153,774
187,194,142
187,195,142
187,153,142
187,194,1569
187,195,1569
187,153,1569
187,194,1570
187,195,1570
187,153,1570
187,194,1571
187,195,1571
187,153,1571
187,194,1572
187,195,1572
187,153,1572
187,194,1573
187,195,1573
187,153,1573
187,194,1574
187,195,1574
187,153,1574
187,194,1575
187,195,1575
187,153,1575
187,194,782
187,195,782
187,153,782
187,194,150
187,195,150
187,153,150
187,194,1569
187,195,1569
187,153,1569
187,194,1576
187,195,1576
187,153,1576
187,194,1577
187,195,1577
187,153,1577
187,194,1578
187,195,1578
187,153,1578
187,194,1579
187,195,1579
187,153,1579
187,194,1580
187,195,1580
187,153,1580
187,194,1575
187,195,1575
187,153,1575
187,194,641
187,195,641
187,153,641
187,194,773
187,195,773
187,153,773
187,194,32
187,195,32
187,153,32
187,194,12
187,195,12
187,153,12
187,194,13
187,195,13
187,153,13
187,194,14
187,195,14
187,153,14
188,241,406
188,241,228
188,241,1581
188,241,289
188,241,1582
188,241,1583
188,241,1584
188,241,517
188,241,149
188,241,32
188,241,226
188,241,31
188,241,12
188,241,13
188,241,14
189,308,122
189,309,122
189,308,1585
189,309,1585
189,308,1586
189,309,1586
189,308,142
189,309,142
189,308,1587
189,309,1587
189,308,1588
189,309,1588
189,308,122
189,309,122
189,308,150
189,309,150
189,308,1589
189,309,1589
189,308,32
189,309,32
189,308,12
189,309,12
189,308,13
189,309,13
189,308,14
189,309,14
190,310,517
190,311,517
190,23,517
190,123,517
190,241,517
190,310,1590
190,311,1590
190,23,1590
190,123,1590
190,241,1590
190,310,1591
190,311,1591
190,23,1591
190,123,1591
190,241,1591
190,310,1592
190,311,1592
190,23,1592
190,123,1592
190,241,1592
190,310,32
190,311,32
190,23,32
190,123,32
190,241,32
190,310,12
190,311,12
190,23,12
190,123,12
190,241,12
190,310,13
190,311,13
190,23,13
190,123,13
190,241,13
190,310,14
190,311,14
190,23,14
190,123,14
190,241,14
